Accession,GeneName
A0A5B9,TRBC2
A0AV02,SLC12A8
A0AVI2,FER1L5
A0AVI4,TMEM129
A0FGR8,ESYT2
A0FGR9,ESYT3
A0PJK1,SLC5A10
A0PJW6,TMEM223
A0PJX4,SHISA3
A0PJX8,TMEM82
A0PJZ3,GXYLT2
A0PK00,TMEM120B
A0PK05,TMEM72
A0PK11,CLRN2
A0ZSE6,TMEM30CP
A1A5B4,ANO9
A1A5C7,SLC22A23
A1KXE4,FAM168B
A1L0T0,ILVBL
A1L157,TSPAN11
A1L1A6,IGSF23
A1L3X0,ELOVL7
A2A2V5,SERTM1
A2A2Y4,FRMD3
A2RRL7,TMEM213
A2RU14,TMEM218
A2RU48,SMCO3
A2RU67,FAM234B
A2RUG3,XKRY2
A2RUT3,TMEM89
A2VDJ0,TMEM131L
A3KFT3,OR2M5
A4D1S0,KLRG2
A4D256,CDC14C
A4D2G3,OR2A25
A4D2H0,CTAGE15
A4FU28,CTAGE9
A4IF30,SLC35F4
A5D6W6,FITM1
A5PLK6,RGSL1
A5PLL7,TMEM189
A5X5Y0,HTR3E
A5YKK6,CNOT1
A6BM72,MEGF11
A6H8M9,CDHR4
A6NC51,TMEM150B
A6NCQ9,RNF222
A6NCV1,OR6C74
A6ND01,IZUMO1R
A6ND48,OR14I1
A6NDA9,LRIT2
A6NDH6,OR5H15
A6NDL8,OR6C68
A6NDP7,MYADML2
A6NDV4,TMEM8B
A6NDX4,unmapped
A6NEH6,TMEM247
A6NET4,OR5K3
A6NF34,ANTXRL
A6NF89,OR6C6
A6NFA1,TRABD2B
A6NFC5,TMEM235
A6NFC9,OR2W5
A6NFE2,SMCO2
A6NFR6,C5orf60
A6NFU0,FAM187A
A6NFX1,MFSD2B
A6NFY4,NEMP2
A6NGA9,TMEM202
A6NGB7,TMEM221
A6NGC4,TLCD2
A6NGN9,IGLON5
A6NGU5,GGT3P
A6NGY5,OR51F1
A6NGZ8,SMIM9
A6NH00,OR2T8
A6NH21,SERINC4
A6NHA9,OR4C46
A6NHG9,OR5H14
A6NHS7,MANSC4
A6NI61,MYMK
A6NI73,LILRA5
A6NIJ9,OR6C70
A6NIM6,SLC15A5
A6NJU9,NPIPB13
A6NJW9,CD8B2
A6NJY1,SLC9B1P1
A6NJY4,unmapped
A6NJZ3,OR6C65
A6NK97,SLC22A20P
A6NKB5,PCNX2
A6NKC4,unmapped
A6NKK0,OR5H1
A6NKL6,TMEM200C
A6NKW6,SHISAL2B
A6NKX4,SLC22A31
A6NL05,FAM74A7
A6NL08,OR6C75
A6NL26,OR5B21
A6NL88,SHISA7
A6NL99,AQP7P3
A6NLE4,SMIM23
A6NLU5,VSTM2B
A6NLX4,TMEM210
A6NM03,OR2AG2
A6NM10,AQP12B
A6NM11,LRRC37A2
A6NM45,CLDN24
A6NM62,LRRC53
A6NM76,OR6C76
A6NMB1,SIGLEC16
A6NMS3,OR5K4
A6NMS7,LRRC37A
A6NMU1,OR52A4P
A6NMZ5,OR4C45
A6NN92,GJE1
A6NNB3,IFITM5
A6NNC1,unmapped
A6NND4,OR2AT4
A6NNE9,11-Mar
A6NNN8,SLC38A8
A6QL63,BTBD11
A7MBM2,DISP2
A8CG34,POM121C
A8K4G0,CD300LB
A8MPY1,GABRR3
A8MRT5,NPIPB5
A8MUP6,GSG1L2
A8MV81,HIGD1C
A8MVS5,HIDE1
A8MVW0,FAM171A2
A8MVW5,HEPACAM2
A8MVZ5,BTNL10
A8MWK0,FADS2P1
A8MWL7,TMEM14DP
A8MWY0,KIAA1324L
A8MXE2,unmapped
A8MXK1,VSTM5
A8MYB1,TMCO5B
A8MYU2,KCNU1
A9Z1Z3,FER1L4
B0FP48,UPK3BL1
B0YJ81,HACD1
B2RN74,OR11H12
B2RTY4,MYO9A
B2RUZ4,SMIM1
B3SHH9,TMEM114
B4DJY2,TMEM233
B4DS77,SHISA9
B4DYI2,SPATA31C2
B5MD39,GGTLC3
B6A8C7,TARM1
B6SEH8,ERVV-1
B6SEH9,ERVV-2
B7U540,KCNJ18
B7Z8K6,TRDC
B8ZZ34,SHISA8
C9JDP6,CLDN25
C9JG80,NPIPB4
C9JH25,PRRT4
C9JI98,TMEM238
C9JQL5,unmapped
C9JVW0,INAFM1
D3W0D1,KLRF2
E2RYF6,MUC22
E5RHQ5,NPIPB11
E5RIL1,UPK3BL2
E7ERA6,RNF223
F2Z333,FNDC10
F5H4A9,C3orf80
G3V0H7,SLCO1B7
H0YL14,TMEM250
H3BR10,SMLR1
H3BS89,TMEM178B
H3BV60,TGFBR3L
I3L273,GFY
K7EJ46,SMIM22
M0QZC1,RNF225
O00124,UBXN8
O00144,FZD9
O00155,GPR25
O00168,FXYD1
O00180,KCNK1
O00198,HRK
O00206,TLR4
O00219,HAS3
O00220,TNFRSF10A
O00222,GRM8
O00237,RNF103
O00238,BMPR1B
O00241,SIRPB1
O00254,F2RL2
O00255,MEN1
O00264,PGRMC1
O00270,GPR31
O00299,CLIC1
O00300,TNFRSF11B
O00322,UPK1A
O00337,SLC28A1
O00341,SLC1A7
O00391,QSOX1
O00398,P2RY10
O00400,SLC33A1
O00421,CCRL2
O00444,PLK4
O00445,SYT5
O00451,GFRA2
O00453,LST1
O00461,GOLIM4
O00468,AGRN
O00476,SLC17A3
O00478,BTN3A3
O00481,BTN3A1
O00501,CLDN5
O00519,FAAH
O00526,UPK2
O00533,CHL1
O00548,DLL1
O00555,CACNA1A
O00559,EBAG9
O00560,SDCBP
O00562,PITPNM1
O00574,CXCR6
O00587,MFNG
O00590,ACKR2
O00591,GABRP
O00592,PODXL
O00602,FCN1
O00623,PEX12
O00624,SLC17A2
O00631,SLN
O00755,WNT7A
O14493,CLDN4
O14494,PLPP1
O14495,PLPP3
O14511,NRG2
O14514,ADGRB1
O14520,AQP7
O14522,PTPRT
O14523,C2CD2L
O14524,NEMP1
O14525,ASTN1
O14569,CYB561D2
O14581,OR7A17
O14609,XKRY
O14626,GPR171
O14638,ENPP3
O14649,KCNK3
O14653,GOSR2
O14662,STX16
O14668,PRRG1
O14669,PRRG2
O14672,ADAM10
O14678,ABCD4
O14681,EI24
O14683,TP53I11
O14684,PTGES
O14718,RRH
O14735,CDIPT
O14763,TNFRSF10B
O14764,GABRD
O14786,NRP1
O14788,TNFSF11
O14791,APOL1
O14798,TNFRSF10C
O14804,TAAR5
O14817,TSPAN4
O14828,SCAMP3
O14836,TNFRSF13B
O14842,FFAR1
O14843,FFAR3
O14880,MGST3
O14894,TM4SF5
O14917,PCDH17
O14925,TIMM23
O14931,NCR3
O14944,EREG
O14975,SLC27A2
O15031,PLXNB2
O15079,SNPH
O15118,NPC1
O15120,AGPAT2
O15121,DEGS1
O15126,SCAMP1
O15127,SCAMP2
O15146,MUSK
O15155,BET1
O15162,PLSCR1
O15165,LDLRAD4
O15173,PGRMC2
O15197,EPHB6
O15218,GPR182
O15229,KMO
O15239,NDUFA1
O15243,LEPROT
O15244,SLC22A2
O15245,SLC22A1
O15247,CLIC2
O15260,SURF4
O15269,SPTLC1
O15270,SPTLC2
O15303,GRM6
O15320,CTAGE5
O15321,TM9SF1
O15342,ATP6V0E1
O15354,GPR37
O15374,SLC16A4
O15375,SLC16A5
O15389,SIGLEC5
O15393,TMPRSS2
O15394,NCAM2
O15399,GRIN2D
O15400,STX7
O15403,SLC16A6
O15427,SLC16A3
O15431,SLC31A1
O15432,SLC31A2
O15438,ABCC3
O15439,ABCC4
O15440,ABCC5
O15455,TLR3
O15466,ST8SIA5
O15482,TEX28
O15484,CAPN5
O15503,INSIG1
O15520,FGF10
O15529,GPR42
O15533,TAPBP
O15547,P2RX6
O15551,CLDN3
O15552,FFAR2
O15554,KCNN4
O42043,ERVK-18
O43155,FLRT2
O43157,PLXNB1
O43169,CYB5B
O43173,ST8SIA3
O43184,ADAM12
O43193,MLNR
O43194,GPR39
O43246,SLC7A4
O43278,SPINT1
O43280,TREH
O43286,B4GALT5
O43291,SPINT2
O43292,GPAA1
O43300,LRRTM2
O43306,ADCY6
O43315,AQP9
O43424,GRID2
O43451,MGAM
O43462,MBTPS2
O43464,HTRA2
O43490,PROM1
O43493,TGOLN2
O43497,CACNA1G
O43505,B4GAT1
O43506,ADAM20
O43508,TNFSF12
O43511,SLC26A4
O43520,ATP8B1
O43525,KCNQ3
O43526,KCNQ2
O43529,CHST10
O43556,SGCE
O43557,TNFSF14
O43561,LAT
O43567,RNF13
O43570,CA12
O43581,SYT7
O43586,PSTPIP1
O43603,GALR2
O43613,HCRTR1
O43614,HCRTR2
O43653,PSCA
O43657,TSPAN6
O43674,NDUFB5
O43676,NDUFB3
O43688,PLPP2
O43699,SIGLEC6
O43731,KDELR3
O43736,ITM2A
O43749,OR1F1
O43752,STX6
O43759,SYNGR1
O43760,SYNGR2
O43761,SYNGR3
O43772,SLC25A20
O43808,SLC25A17
O43813,LANCL1
O43825,B3GALT2
O43826,SLC37A4
O43847,NRDC
O43861,ATP9B
O43868,SLC28A2
O43869,OR2T1
O43889,CREB3
O43895,XPNPEP2
O43908,KLRC4
O43909,EXTL3
O43914,TYROBP
O43916,CHST1
O43921,EFNA2
O43934,MFSD11
O60235,TMPRSS11D
O60238,BNIP3L
O60241,ADGRB2
O60242,ADGRB3
O60243,HS6ST1
O60245,PCDH7
O60266,ADCY3
O60279,SUSD5
O60309,LRRC37A3
O60312,ATP10A
O60313,OPA1
O60320,FAM189A1
O60330,PCDHGA12
O60337,6-Mar
O60343,TBC1D4
O60353,FZD6
O60359,CACNG3
O60391,GRIN3B
O60403,OR10H2
O60404,OR10H3
O60412,OR7C2
O60423,ATP8B3
O60427,FADS1
O60431,OR1I1
O60449,LY75
O60462,NRP2
O60469,DSCAM
O60476,MAN1A2
O60478,GPR137B
O60486,PLXNC1
O60487,MPZL2
O60488,ACSL4
O60494,CUBN
O60499,STX10
O60500,NPHS1
O60503,ADCY9
O60507,TPST1
O60512,B4GALT3
O60513,B4GALT4
O60602,TLR5
O60603,TLR2
O60609,GFRA3
O60635,TSPAN1
O60636,TSPAN2
O60637,TSPAN3
O60656,UGT1A9
O60667,FCMR
O60669,SLC16A7
O60676,CST8
O60687,SRPX2
O60704,TPST2
O60706,ABCC9
O60721,SLC24A1
O60741,HCN1
O60755,GALR3
O60774,FMO6P
O60779,SLC19A2
O60830,TIMM17B
O60831,PRAF2
O60840,CACNA1F
O60858,TRIM13
O60883,GPR37L1
O60894,RAMP1
O60895,RAMP2
O60896,RAMP3
O60906,SMPD2
O60909,B4GALT2
O60911,CTSV
O60928,KCNJ13
O60931,CTNS
O60939,SCN2B
O71037,ERVK-19
O75015,FCGR3B
O75019,LILRA1
O75022,LILRB3
O75023,LILRB5
O75051,PLXNA2
O75054,IGSF3
O75056,SDC3
O75063,FAM20B
O75069,TMCC2
O75072,FKTN
O75074,LRP3
O75077,ADAM23
O75078,ADAM11
O75084,FZD7
O75096,LRP4
O75110,ATP9A
O75121,MFAP3L
O75129,ASTN2
O75144,ICOSLG
O75145,PPFIA3
O75154,RAB11FIP3
O75185,ATP2C2
O75192,PEX11A
O75197,LRP5
O75204,TMEM127
O75264,SMIM24
O75298,RTN2
O75309,CDH16
O75310,UGT2B11
O75311,GLRA3
O75324,SNN
O75325,LRRN2
O75326,SEMA7A
O75330,HMMR
O75334,PPFIA2
O75335,PPFIA4
O75352,MPDU1
O75354,ENTPD6
O75355,ENTPD3
O75379,VAMP4
O75387,SLC43A1
O75388,GPR32
O75396,SEC22B
O75425,MOSPD3
O75427,LRCH4
O75438,NDUFB1
O75443,TECTA
O75445,USH2A
O75452,RDH16
O75473,LGR5
O75477,ERLIN1
O75487,GPC4
O75508,CLDN11
O75509,TNFRSF21
O75578,ITGA10
O75581,LRP6
O75631,UPK3A
O75712,GJB3
O75751,SLC22A3
O75752,B3GALNT1
O75762,TRPA1
O75783,RHBDL1
O75787,ATP6AP2
O75829,CNMD
O75841,UPK1B
O75844,ZMPSTE24
O75845,SC5D
O75871,CEACAM4
O75882,ATRN
O75888,TNFSF13
O75899,GABBR2
O75900,MMP23A
O75908,SOAT2
O75915,ARL6IP5
O75920,SERF1A
O75923,DYSF
O75935,DCTN3
O75954,TSPAN9
O75955,FLOT1
O75976,CPD
O76000,OR2B3
O76001,OR2J3
O76002,OR2J2
O76024,WFS1
O76027,ANXA9
O76036,NCR1
O76062,TM7SF2
O76082,SLC22A5
O76090,BEST1
O76095,JTB
O76099,OR7C1
O76100,OR7A10
O94759,TRPM2
O94766,B3GAT3
O94772,LY6H
O94777,DPM2
O94778,AQP8
O94779,CNTN5
O94813,SLIT2
O94823,ATP10B
O94826,TOMM70
O94856,NFASC
O94876,TMCC1
O94886,TMEM63A
O94898,LRIG2
O94901,SUN1
O94905,ERLIN2
O94910,ADGRL1
O94911,ABCA8
O94923,GLCE
O94933,SLITRK3
O94956,SLCO2B1
O94966,USP19
O94985,CLSTN1
O94991,SLITRK5
O95006,OR2F2
O95007,OR6B1
O95013,OR4F21
O95047,OR2A4
O95069,KCNK2
O95070,YIF1A
O95136,S1PR2
O95139,NDUFB6
O95140,MFN2
O95150,TNFSF15
O95159,ZFPL1
O95167,NDUFA3
O95168,NDUFB4
O95169,NDUFB8
O95180,CACNA1H
O95183,VAMP5
O95185,UNC5C
O95196,CSPG5
O95202,LETM1
O95206,PCDH8
O95210,STBD1
O95214,LEPROTL1
O95221,OR5F1
O95222,OR6A2
O95237,LRAT
O95249,GOSR1
O95255,ABCC6
O95256,IL18RAP
O95259,KCNH1
O95264,HTR3B
O95274,LYPD3
O95279,KCNK5
O95292,VAPB
O95297,MPZL1
O95298,NDUFC2
O95342,ABCB11
O95371,OR2C1
O95377,GJB5
O95393,BMP10
O95395,GCNT3
O95406,CNIH1
O95415,BRI3
O95425,SVIL
O95427,PIGN
O95436,SLC34A2
O95452,GJB6
O95461,LARGE1
O95470,SGPL1
O95471,CLDN7
O95473,SYNGR4
O95476,CTDNEP1
O95477,ABCA1
O95484,CLDN9
O95490,ADGRL2
O95497,VNN1
O95498,VNN2
O95500,CLDN14
O95502,NPTXR
O95528,SLC2A10
O95562,SFT2D2
O95573,ACSL3
O95622,ADCY5
O95630,STAMBP
O95665,NTSR2
O95672,ECEL1
O95727,CRTAM
O95754,SEMA4F
O95772,STARD3NL
O95800,GPR75
O95803,NDST3
O95807,TMEM50A
O95832,CLDN1
O95833,CLIC3
O95834,EML2
O95838,GLP2R
O95857,TSPAN13
O95858,TSPAN15
O95859,TSPAN12
O95864,FADS2
O95866,MPIG6B
O95867,LY6G6C
O95868,LY6G6D
O95870,ABHD16A
O95907,SLC16A8
O95918,OR2H2
O95925,EPPIN
O95944,NCR2
O95971,CD160
O95976,IGSF6
O95977,S1PR4
O95980,RECK
O95992,CH25H
O96002,CXorf1
O96005,CLPTM1
O96011,PEX11B
O96024,B3GALT4
P00156,MT-CYB
P00167,CYB5A
P00390,GSR
P00395,MT-CO1
P00403,MT-CO2
P00533,EGFR
P00742,F10
P00747,PLG
P00749,PLAU
P00750,PLAT
P00813,ADA
P00846,MT-ATP6
P01127,PDGFB
P01130,LDLR
P01133,EGF
P01135,TGFA
P01137,TGFB1
P01374,LTA
P01375,TNF
P01579,IFNG
P01588,EPO
P01589,IL2RA
P01730,CD4
P01732,CD8A
P01833,PIGR
P01848,TRAC
P01850,TRBC1
P01871,IGHM
P01880,IGHD
P01889,HLA-B
P01891,HLA-A
P01892,HLA-A
P01893,HLA-H
P01903,HLA-DRA
P01906,HLA-DQA2
P01909,HLA-DQA1
P01911,HLA-DRB1
P01912,HLA-DRB1
P01920,HLA-DQB1
P02511,CRYAB
P02647,APOA1
P02649,APOE
P02671,FGA
P02675,FGB
P02679,FGG
P02708,CHRNA1
P02724,GYPA
P02730,SLC4A1
P02748,C9
P02749,APOH
P02760,AMBP
P02778,CXCL10
P02786,TFRC
P02787,TF
P03886,MT-ND1
P03915,MT-ND5
P03923,MT-ND6
P03928,MT-ATP8
P03986,TRGC2
P03989,HLA-B
P03999,OPN1SW
P04000,OPN1LW
P04001,OPN1MW
P04035,HMGCR
P04054,PLA2G1B
P04083,ANXA1
P04085,PDGFA
P04156,PRNP
P04180,LCAT
P04201,MAS1
P04216,THY1
P04222,HLA-C
P04229,HLA-DRB1
P04233,CD74
P04234,CD3D
P04275,VWF
P04439,HLA-A
P04440,HLA-DPB1
P04626,ERBB2
P04628,WNT1
P04629,NTRK1
P04839,CYBB
P04843,RPN1
P04844,RPN2
P04920,SLC4A2
P04921,GYPC
P05023,ATP1A1
P05026,ATP1B1
P05067,APP
P05106,ITGB3
P05107,ITGB2
P05112,IL4
P05141,SLC25A5
P05154,SERPINA5
P05186,ALPL
P05187,ALPP
P05231,IL6
P05362,ICAM1
P05496,ATP5MC1
P05534,HLA-A
P05538,HLA-DQB2
P05556,ITGB1
P05981,HPN
P06028,GYPB
P06126,CD1A
P06127,CD5
P06213,INSR
P06276,BCHE
P06340,HLA-DOA
P06576,ATP5F1B
P06729,CD2
P06731,CEACAM5
P06734,FCER2
P06756,ITGAV
P06858,LPL
P07093,SERPINE2
P07099,EPHX1
P07202,TPO
P07204,THBD
P07306,ASGR1
P07307,ASGR2
P07333,CSF1R
P07355,ANXA2
P07359,GP1BA
P07510,CHRNG
P07550,ADRB2
P07766,CD3E
P07858,CTSB
P07911,UMOD
P07949,RET
P07996,THBS1
P08034,GJB1
P08069,IGF1R
P08100,RHO
P08134,RHOC
P08138,NGFR
P08172,CHRM2
P08173,CHRM4
P08174,CD55
P08183,ABCB1
P08195,SLC3A2
P08238,HSP90AB1
P08246,ELANE
P08247,SYP
P08311,CTSG
P08473,MME
P08514,ITGA2B
P08571,CD14
P08574,CYC1
P08575,PTPRC
P08581,MET
P08582,MELTF
P08588,ADRB1
P08637,FCGR3A
P08648,ITGA5
P08684,CYP3A4
P08697,SERPINF2
P08758,ANXA5
P08842,STS
P08887,IL6R
P08908,HTR1A
P08910,ABHD2
P08912,CHRM5
P08913,ADRA2A
P08922,ROS1
P08962,CD63
P08F94,PKHD1
P09131,SLC10A3
P09172,DBH
P09326,CD48
P09382,LGALS1
P09429,HMGB1
P09486,SPARC
P09525,ANXA4
P09564,CD7
P09603,CSF1
P09619,PDGFRB
P09669,COX6C
P09693,CD3G
P09758,TACSTD2
P09848,LCT
P09912,IFI6
P09923,ALPI
P09958,FURIN
P0C604,OR4A8
P0C617,OR5AL1
P0C623,OR4Q2
P0C626,OR5G3
P0C628,OR5AC1
P0C629,OR10J4
P0C645,OR4E1
P0C646,OR52Z1
P0C672,TSPAN19
P0C6S8,LINGO3
P0C6T2,OST4
P0C7M8,CLEC2L
P0C7N1,OR8U8
P0C7N4,TMEM191B
P0C7N5,OR8U9
P0C7N8,OR9G9
P0C7Q5,SLC35G4
P0C7Q6,SLC35G6
P0C7T2,OR2T7
P0C7T3,OR56A5
P0C7T8,TMEM253
P0C7U0,ELFN1
P0C7U3,ZDHHC11B
P0C7U9,FAM87A
P0C7V7,SEC11B
P0C851,PIRT
P0C874,SPATA31D3
P0CF51,TRGC1
P0CG08,GPR89B
P0CG37,CFC1
P0CG41,CTAGE8
P0CK96,SLC35E2B
P0CK97,SLC35E2
P0DKB5,TPBGL
P0DKB6,MPC1L
P0DKV0,SPATA31C1
P0DMQ5,INAFM2
P0DMS8,ADORA3
P0DN77,OPN1MW2
P0DPA2,VSIG8
P0DPD6,ECE2
P10176,COX8A
P10276,RARA
P10314,HLA-A
P10316,HLA-A
P10319,HLA-B
P10321,HLA-C
P10415,BCL2
P10586,PTPRF
P10600,TGFB3
P10620,MGST1
P10646,TFPI
P10696,ALPPL2
P10721,KIT
P10747,CD28
P10809,HSPD1
P10912,GHR
P10966,CD8B
P11021,HSPA5
P11049,CD37
P11117,ACP2
P11166,SLC2A1
P11168,SLC2A2
P11169,SLC2A3
P11215,ITGAM
P11226,MBL2
P11229,CHRM1
P11230,CHRNB1
P11233,RALA
P11245,NAT2
P11277,SPTB
P11279,LAMP1
P11362,FGFR1
P11464,PSG1
P11532,DMD
P11686,SFTPC
P11717,IGF2R
P11836,MS4A1
P11912,CD79A
P12018,VPREB1
P12235,SLC25A4
P12236,SLC25A6
P12314,FCGR1A
P12318,FCGR2A
P12319,FCER1A
P12643,BMP2
P12821,ACE
P12830,CDH1
P13164,IFITM1
P13224,GP1BB
P13385,TDGF1
P13473,LAMP2
P13569,CFTR
P13591,NCAM1
P13598,ICAM2
P13612,ITGA4
P13637,ATP1A3
P13667,PDIA4
P13688,CEACAM1
P13726,F3
P13746,HLA-A
P13747,HLA-E
P13760,HLA-DRB1
P13761,HLA-DRB1
P13762,HLA-DRB4
P13765,HLA-DOB
P13866,SLC5A1
P13945,ADRB3
P13987,CD59
P14060,HSD3B1
P14091,CTSE
P14151,SELL
P14174,MIF
P14207,FOLR2
P14209,CD99
P14384,CPM
P14410,SI
P14415,ATP1B2
P14416,DRD2
P14616,INSRR
P14672,SLC2A4
P14679,TYR
P14735,IDE
P14770,GP9
P14778,IL1R1
P14784,IL2RB
P14867,GABRA1
P15144,ANPEP
P15151,PVR
P15260,IFNGR1
P15289,ARSA
P15291,B4GALT1
P15328,FOLR1
P15382,KCNE1
P15391,CD19
P15421,GYPE
P15502,ELN
P15509,CSF2RA
P15514,AREG
P15529,CD46
P15692,VEGFA
P15812,CD1E
P15813,CD1D
P15814,IGLL1
P15848,ARSB
P15907,ST6GAL1
P15941,MUC1
P15954,COX7C
P16035,TIMP2
P16066,NPR1
P16070,CD44
P16109,SELP
P16144,ITGB4
P16150,SPN
P16188,HLA-A
P16189,HLA-A
P16190,HLA-A
P16234,PDGFRA
P16260,SLC25A16
P16284,PECAM1
P16389,KCNA2
P16410,CTLA4
P16422,EPCAM
P16442,ABO
P16444,DPEP1
P16471,PRLR
P16473,TSHR
P16581,SELE
P16615,ATP2A2
P16662,UGT2B7
P16671,CD36
P16871,IL7R
P17152,TMEM11
P17181,IFNAR1
P17301,ITGA2
P17302,GJA1
P17342,NPR3
P17643,TYRP1
P17658,KCNA6
P17693,HLA-G
P17706,PTPN2
P17787,CHRNB2
P17813,ENG
P17861,XBP1
P17927,CR1
P17931,LGALS3
P17948,FLT1
P18031,PTPN1
P18084,ITGB5
P18089,ADRA2B
P18405,SRD5A1
P18428,LBP
P18433,PTPRA
P18462,HLA-A
P18463,HLA-B
P18464,HLA-B
P18465,HLA-B
P18505,GABRB1
P18507,GABRG2
P18564,ITGB6
P18577,RHCE
P18627,LAG3
P18825,ADRA2C
P18827,SDC1
P18850,ATF6
P19013,KRT4
P19021,PAM
P19022,CDH2
P19075,TSPAN8
P19224,UGT1A6
P19235,EPOR
P19256,CD58
P19320,VCAM1
P19397,CD53
P19438,TNFRSF1A
P19440,GGT1
P19526,FUT1
P19634,SLC9A1
P20020,ATP2B1
P20023,CR2
P20036,HLA-DPA1
P20039,HLA-DRB1
P20138,CD33
P20273,CD22
P20292,ALOX5AP
P20309,CHRM3
P20333,TNFRSF1B
P20594,NPR2
P20645,M6PR
P20648,ATP4A
P20701,ITGAL
P20702,ITGAX
P20827,EFNA1
P20916,MAG
P20963,CD247
P21145,MAL
P21217,FUT3
P21397,MAOA
P21439,ABCB4
P21452,TACR2
P21453,S1PR1
P21462,FPR1
P21554,CNR1
P21579,SYT1
P21583,KITLG
P21589,NT5E
P21709,EPHA1
P21728,DRD1
P21730,C5AR1
P21731,TBXA2R
P21754,ZP3
P21757,MSR1
P21796,VDAC1
P21802,FGFR2
P21810,BGN
P21817,RYR1
P21854,CD72
P21860,ERBB3
P21917,DRD4
P21918,DRD5
P21926,CD9
P21964,COMT
P22001,KCNA3
P22083,FUT4
P22223,CDH3
P22303,ACHE
P22413,ENPP1
P22455,FGFR4
P22459,KCNA4
P22460,KCNA5
P22607,FGFR3
P22732,SLC2A5
P22748,CA4
P22760,AADAC
P22794,EVI2A
P22888,LHCGR
P22897,MRC1
P23229,ITGA6
P23276,KEL
P23415,GLRA1
P23416,GLRA2
P23443,RPS6KB1
P23467,PTPRB
P23468,PTPRD
P23469,PTPRE
P23470,PTPRG
P23471,PTPRZ1
P23510,TNFSF4
P23515,OMG
P23634,ATP2B4
P23763,VAMP1
P23942,PRPH2
P23945,FSHR
P23975,SLC6A2
P24046,GABRR1
P24071,FCAR
P24158,PRTN3
P24310,COX7A1
P24311,COX7B
P24390,KDELR1
P24394,IL4R
P24530,EDNRB
P24557,TBXAS1
P24666,ACP1
P25021,HRH2
P25024,CXCR1
P25025,CXCR2
P25063,CD24
P25089,FPR3
P25090,FPR2
P25092,GUCY2C
P25100,ADRA1D
P25101,EDNRA
P25103,TACR1
P25105,PTAFR
P25106,ACKR3
P25116,F2R
P25189,MPZ
P25445,FAS
P25874,UCP1
P25929,NPY1R
P25942,CD40
P26006,ITGA3
P26010,ITGB7
P26012,ITGB8
P26439,HSD3B2
P26572,MGAT1
P26678,PLN
P26715,KLRC1
P26717,KLRC2
P26718,KLRK1
P26842,CD27
P26951,IL3RA
P26992,CNTFR
P27037,ACVR2A
P27105,STOM
P27338,MAOB
P27449,ATP6V0C
P27487,DPP4
P27544,CERS1
P27701,CD82
P27797,CALR
P27824,CANX
P27930,IL1R2
P28067,HLA-DMA
P28068,HLA-DMB
P28221,HTR1D
P28222,HTR1B
P28223,HTR2A
P28288,ABCD3
P28328,PEX2
P28335,HTR2C
P28336,NMBR
P28472,GABRB3
P28476,GABRR2
P28566,HTR1E
P28827,PTPRM
P28845,HSD11B1
P28906,CD34
P28907,CD38
P28908,TNFRSF8
P29016,CD1B
P29017,CD1C
P29033,GJB2
P29122,PCSK6
P29274,ADORA2A
P29275,ADORA2B
P29317,EPHA2
P29320,EPHA3
P29322,EPHA8
P29323,EPHB2
P29371,TACR3
P29376,LTK
P29965,CD40LG
P29972,AQP1
P29973,CNGA1
P30040,ERP29
P30101,PDIA3
P30203,CD6
P30273,FCER1G
P30301,MIP
P30408,TM4SF1
P30411,BDKRB2
P30443,HLA-A
P30447,HLA-A
P30450,HLA-A
P30453,HLA-A
P30455,HLA-A
P30456,HLA-A
P30457,HLA-A
P30459,HLA-A
P30460,HLA-B
P30461,HLA-B
P30462,HLA-B
P30464,HLA-B
P30466,HLA-B
P30475,HLA-B
P30479,HLA-B
P30480,HLA-B
P30481,HLA-B
P30483,HLA-B
P30484,HLA-B
P30485,HLA-B
P30486,HLA-B
P30487,HLA-B
P30488,HLA-B
P30490,HLA-B
P30491,HLA-B
P30492,HLA-B
P30493,HLA-B
P30495,HLA-B
P30498,HLA-B
P30499,HLA-C
P30501,HLA-C
P30504,HLA-C
P30505,HLA-C
P30508,HLA-C
P30510,HLA-C
P30511,HLA-F
P30512,HLA-A
P30518,AVPR2
P30530,AXL
P30531,SLC6A1
P30532,CHRNA5
P30533,LRPAP1
P30536,TSPO
P30542,ADORA1
P30550,GRPR
P30556,AGTR1
P30559,OXTR
P30685,HLA-B
P30825,SLC7A1
P30872,SSTR1
P30874,SSTR2
P30926,CHRNB4
P30939,HTR1F
P30953,OR1E1
P30954,OR10J1
P30968,GNRHR
P30988,CALCR
P30989,NTSR1
P31358,CD52
P31391,SSTR4
P31431,SDC4
P31512,FMO4
P31639,SLC5A2
P31641,SLC6A6
P31644,GABRA5
P31645,SLC6A4
P31785,IL2RG
P31994,FCGR2B
P31995,FCGR2C
P31997,CEACAM8
P32004,L1CAM
P32238,CCKAR
P32239,CCKBR
P32241,VIPR1
P32245,MC4R
P32246,CCR1
P32247,BRS3
P32248,CCR7
P32249,GPR183
P32297,CHRNA3
P32302,CXCR5
P32418,SLC8A1
P32745,SSTR3
P32856,STX2
P32926,DSG3
P32927,CSF2RB
P32942,ICAM3
P32970,CD70
P32971,TNFSF8
P33032,MC5R
P33121,ACSL1
P33151,CDH5
P33527,ABCC1
P33681,CD80
P33765,unmapped
P33897,ABCD1
P33908,MAN1A1
P33947,KDELR2
P34741,SDC2
P34810,CD68
P34903,GABRA3
P34910,EVI2B
P34925,RYK
P34969,HTR7
P34972,CNR2
P34981,TRHR
P34982,OR1D2
P34995,PTGER1
P34998,CRHR1
P35052,GPC1
P35070,BTC
P35212,GJA4
P35225,IL13
P35240,NF2
P35241,RDX
P35346,SSTR5
P35348,ADRA1A
P35367,HRH1
P35368,ADRA1B
P35372,OPRM1
P35408,PTGER4
P35410,MAS1L
P35414,APLNR
P35462,DRD3
P35498,SCN1A
P35499,SCN4A
P35523,CLCN1
P35579,MYH9
P35580,MYH10
P35590,TIE1
P35613,BSG
P35670,ATP7B
P35916,FLT4
P35968,KDR
P36021,SLC16A2
P36268,GGT2
P36269,GGT5
P36382,GJA5
P36383,GJC1
P36537,UGT2B10
P36544,CHRNA7
P36873,PPP1CC
P36888,FLT3
P36894,BMPR1A
P36896,ACVR1B
P36897,TGFBR1
P36941,LTBR
P36956,SREBF1
P37023,ACVRL1
P37058,HSD17B3
P37059,HSD17B2
P37088,SCNN1A
P37173,TGFBR2
P37287,PIGA
P37288,AVPR1A
P38435,GGCX
P38484,IFNGR2
P38567,SPAM1
P38570,ITGAE
P39086,GRIK1
P39877,PLA2G5
P40126,DCT
P40145,ADCY8
P40189,IL6ST
P40197,GP5
P40198,CEACAM3
P40199,CEACAM6
P40200,CD96
P40238,MPL
P40259,CD79B
P40305,IFI27
P40879,SLC26A3
P40933,IL15
P40967,PMEL
P41143,OPRD1
P41145,OPRK1
P41146,OPRL1
P41180,CASR
P41181,AQP2
P41217,CD200
P41221,WNT5A
P41231,P2RY2
P41273,TNFSF9
P41440,SLC19A1
P41586,ADCYAP1R1
P41587,VIPR2
P41594,GRM5
P41595,HTR2B
P41597,CCR2
P41732,TSPAN7
P41968,MC3R
P42081,CD86
P42166,TMPO
P42167,TMPO
P42261,GRIA1
P42262,GRIA2
P42263,GRIA3
P42658,DPP6
P42701,IL12RB1
P42702,LIFR
P42857,NSG1
P42892,ECE1
P43003,SLC1A3
P43004,SLC1A2
P43005,SLC1A1
P43007,SLC1A4
P43088,PTGFR
P43115,PTGER3
P43116,PTGER2
P43119,PTGIR
P43121,MCAM
P43146,DCC
P43220,GLP1R
P43307,SSR1
P43308,SSR2
P43489,TNFRSF4
P43626,KIR2DL1
P43627,KIR2DL2
P43628,KIR2DL3
P43629,KIR3DL1
P43630,KIR3DL2
P43631,KIR2DS2
P43632,KIR2DS4
P43657,LPAR6
P43681,CHRNA4
P45844,ABCG1
P45880,VDAC2
P46059,SLC15A1
P46089,GPR3
P46091,GPR1
P46092,CCR10
P46093,GPR4
P46094,XCR1
P46095,GPR6
P46098,HTR3A
P46531,NOTCH1
P46663,BDKRB1
P46695,IER3
P46721,SLCO1A2
P46977,STT3A
P47211,GALR1
P47775,GPR12
P47804,RGR
P47869,GABRA2
P47870,GABRB2
P47871,GCGR
P47872,SCTR
P47881,OR3A1
P47883,OR3A4P
P47884,OR1D4
P47887,OR1E2
P47888,OR3A3
P47890,OR1G1
P47893,OR3A2
P47898,HTR5A
P47900,P2RY1
P47901,AVPR1B
P47985,UQCRFS1
P48023,FASLG
P48029,SLC6A8
P48039,MTNR1A
P48048,KCNJ1
P48050,KCNJ4
P48051,KCNJ6
P48058,GRIA4
P48060,GLIPR1
P48061,CXCL12
P48065,SLC6A12
P48066,SLC6A11
P48067,SLC6A9
P48145,NPBWR1
P48146,NPBWR2
P48165,GJA8
P48167,GLRB
P48169,GABRA4
P48201,ATP5MC3
P48230,TM4SF4
P48357,LEPR
P48509,CD151
P48544,KCNJ5
P48546,GIPR
P48547,KCNC1
P48549,KCNJ3
P48551,IFNAR2
P48651,PTDSS1
P48664,SLC1A6
P48751,SLC4A3
P48764,SLC9A3
P48960,CD97
P48995,TRPC1
P49019,HCAR3
P49146,NPY2R
P49190,PTH2R
P49238,CX3CR1
P49257,LMAN1
P49279,SLC11A1
P49281,SLC11A2
P49286,MTNR1B
P49447,CYB561
P49641,MAN2A2
P49682,CXCR3
P49683,PRLHR
P49685,GPR15
P49755,TMED10
P49768,PSEN1
P49771,FLT3LG
P49788,RARRES1
P49810,PSEN2
P49895,DIO1
P49961,ENTPD1
P50052,AGTR2
P50281,MMP14
P50391,NPY4R
P50402,EMD
P50406,HTR6
P50416,CPT1A
P50443,SLC26A2
P50591,TNFSF10
P50851,LRBA
P50876,RNF144A
P50895,BCAM
P50993,ATP1A2
P51164,ATP4B
P51168,SCNN1B
P51170,SCNN1G
P51172,SCNN1D
P51511,MMP15
P51512,MMP16
P51571,SSR4
P51572,BCAP31
P51575,P2RX1
P51582,P2RY4
P51636,CAV2
P51648,ALDH3A2
P51654,GPC3
P51674,GPM6A
P51677,CCR3
P51679,CCR4
P51681,CCR5
P51684,CCR6
P51685,CCR8
P51686,CCR9
P51690,ARSE
P51693,APLP1
P51787,KCNQ1
P51788,CLCN2
P51790,CLCN3
P51793,CLCN4
P51795,CLCN5
P51797,CLCN6
P51798,CLCN7
P51800,CLCNKA
P51801,CLCNKB
P51805,PLXNA3
P51809,VAMP7
P51810,GPR143
P51811,XK
P51828,ADCY7
P51841,GUCY2F
P51993,FUT6
P52429,DGKE
P52569,SLC7A2
P52797,EFNA3
P52798,EFNA4
P52799,EFNB2
P52803,EFNA5
P52848,NDST1
P52849,NDST2
P52961,ART1
P53007,SLC25A1
P53708,ITGA8
P53794,SLC5A3
P53801,PTTG1IP
P53816,PLA2G16
P53985,SLC16A1
P54219,SLC18A1
P54289,CACNA2D1
P54578,USP14
P54652,HSPA2
P54707,ATP12A
P54709,ATP1B3
P54710,FXYD2
P54753,EPHB3
P54756,EPHA5
P54760,EPHB4
P54762,EPHB1
P54764,EPHA4
P54793,ARSF
P54826,GAS1
P54829,PTPN5
P54849,EMP1
P54851,EMP2
P54852,EMP3
P54855,UGT2B15
P55011,SLC12A2
P55017,SLC12A3
P55061,TMBIM6
P55064,AQP5
P55073,DIO3
P55075,FGF8
P55082,MFAP3
P55085,F2RL1
P55087,AQP4
P55160,NCKAP1L
P55259,GP2
P55283,CDH4
P55285,CDH6
P55286,CDH8
P55287,CDH11
P55289,CDH12
P55290,CDH13
P55291,CDH15
P55344,LIM2
P55808,XG
P55851,UCP2
P55899,FCGRT
P55916,UCP3
P56134,ATP5J2
P56159,GFRA1
P56180,TPTE
P56199,ITGA1
P56373,P2RX3
P56378,MP68
P56539,CAV3
P56557,TMEM50B
P56589,PEX3
P56696,KCNQ4
P56704,WNT3A
P56705,WNT4
P56746,CLDN15
P56747,CLDN6
P56748,CLDN8
P56749,CLDN12
P56750,CLDN17
P56817,BACE1
P56856,CLDN18
P56880,CLDN20
P56937,HSD17B7
P56962,STX17
P56975,NRG3
P57054,PIGP
P57057,SLC37A1
P57087,JAM2
P57088,TMEM33
P57103,SLC8A3
P57105,SYNJ2BP
P57679,EVC
P57727,TMPRSS3
P57738,TCTA
P57739,CLDN2
P57773,GJA9
P57789,KCNK10
P58170,OR1D5
P58173,OR2B6
P58180,OR4D2
P58181,OR10A3
P58182,OR12D2
P58335,ANTXR2
P58400,NRXN1
P58401,NRXN2
P58418,CLRN1
P58511,SMIM11A
P58550,FXYD6P3
P58658,EVA1C
P58743,SLC26A5
P58872,RHBDL3
P59025,RTP1
P59533,TAS2R38
P59534,TAS2R39
P59535,TAS2R40
P59536,TAS2R41
P59537,TAS2R43
P59538,TAS2R31
P59539,TAS2R45
P59540,TAS2R46
P59541,TAS2R30
P59542,TAS2R19
P59543,TAS2R20
P59544,TAS2R50
P59551,TAS2R60
P59646,FXYD4
P59773,KIAA1024L
P59861,DEFB131A
P59901,LILRA4
P59922,OR2B8P
P60033,CD81
P60059,SEC61G
P60201,PLP1
P60468,SEC61B
P60507,ERVFC1
P60508,ERVFRD-1
P60509,ERVPABLB-1
P60602,ROMO1
P60852,ZP1
P60893,GPR85
P60903,S100A10
P61009,SPCS3
P61073,CXCR4
P61165,TMEM258
P61266,STX1B
P61550,ERVS71-1
P61565,ERVK-21
P61566,ERVK-24
P61567,ERVK-7
P61570,ERVK-25
P61586,RHOA
P61619,SEC61A1
P61647,ST8SIA6
P61769,B2M
P61803,DAD1
P62079,TSPAN5
P62330,ARF6
P62491,RAB11A
P62745,RHOB
P62952,BLCAP
P62955,CACNG7
P63027,VAMP2
P63252,KCNJ2
P67812,SEC11A
P69849,NOMO3
P78310,CXADR
P78324,SIRPA
P78325,ADAM8
P78333,GPC5
P78334,GABRE
P78348,ASIC1
P78357,CNTNAP1
P78363,ABCA4
P78369,CLDN10
P78380,OLR1
P78381,SLC35A2
P78382,SLC35A1
P78383,SLC35B1
P78410,BTN3A2
P78423,CX3CL1
P78504,JAG1
P78508,KCNJ10
P78536,ADAM17
P78539,SRPX
P78552,IL13RA1
P78562,PHEX
P79483,HLA-DRB3
P80370,DLK1
P81408,FAM189B
P82251,SLC7A9
P82279,CRB1
P84157,MXRA7
P98073,TMPRSS15
P98153,DGCR2
P98155,VLDLR
P98161,PKD1
P98164,LRP2
P98172,EFNB1
P98187,CYP4F8
P98194,ATP2C1
P98196,ATP11A
P98198,ATP8B2
Q00325,SLC25A3
Q00604,NDP
Q00765,REEP5
Q00839,HNRNPU
Q00973,B4GALNT1
Q00975,CACNA1B
Q00LT1,PRCD
Q01113,IL9R
Q01118,SCN7A
Q01151,CD83
Q01344,IL5RA
Q01362,MS4A2
Q01453,PMP22
Q01628,IFITM3
Q01629,IFITM2
Q01638,IL1RL1
Q01650,SLC7A5
Q01668,CACNA1D
Q01718,MC2R
Q01726,MC1R
Q01814,ATP2B2
Q01959,SLC6A3
Q01973,ROR1
Q01974,ROR2
Q02094,RHAG
Q02127,DHODH
Q02161,RHD
Q02223,TNFRSF17
Q02246,CNTN2
Q02297,NRG1
Q02413,DSG1
Q02487,DSC2
Q02505,MUC3A
Q02643,GHRHR
Q02763,TEK
Q02846,GUCY2D
Q02978,SLC25A11
Q03135,CAV1
Q03167,TGFBR3
Q03395,ROM1
Q03405,PLAUR
Q03431,PTH1R
Q03518,TAP1
Q03721,KCNC4
Q04609,FOLH1
Q04656,ATP7A
Q04671,OCA2
Q04721,NOTCH2
Q04771,ACVR1
Q04826,HLA-B
Q04844,CHRNE
Q04900,CD164
Q04912,MST1R
Q04941,PLP2
Q05586,GRIN1
Q05901,CHRNB3
Q05940,SLC18A2
Q05996,ZP2
Q06055,ATP5MC2
Q06136,KDSR
Q06418,TYRO3
Q06432,CACNG1
Q06481,APLP2
Q06495,SLC34A1
Q06643,LTB
Q07000,HLA-C
Q07001,CHRND
Q07011,TNFRSF9
Q07021,C1QBP
Q07065,CKAP4
Q07075,ENPEP
Q07108,CD69
Q07325,CXCL9
Q07326,PIGF
Q07444,KLRC3
Q075Z2,BSPH1
Q07699,SCN1B
Q07812,BAX
Q07817,BCL2L1
Q07820,MCL1
Q07837,SLC3A1
Q07954,LRP1
Q08174,PCDH1
Q08334,IL10RB
Q08345,DDR1
Q08357,SLC20A2
Q08431,MFGE8
Q08462,ADCY2
Q08477,CYP4F3
Q08554,DSC1
Q08708,CD300C
Q08722,CD47
Q08828,ADCY1
Q08AI6,SLC38A11
Q08ET2,SIGLEC14
Q09013,DMPK
Q09160,HLA-A
Q09327,MGAT3
Q09328,MGAT5
Q09428,ABCC8
Q09470,KCNA1
Q0D2K0,NIPAL4
Q0GE19,SLC10A7
Q0P670,SPEM2
Q0P6D2,FAM69C
Q0P6H9,TMEM62
Q0VAQ4,SMAGP
Q0VDI3,TMEM267
Q10469,MGAT2
Q10471,GALNT2
Q10472,GALNT1
Q10588,BST1
Q10589,BST2
Q10981,FUT2
Q11128,FUT5
Q11130,FUT7
Q11201,ST3GAL1
Q11203,ST3GAL3
Q11206,ST3GAL4
Q12767,TMEM94
Q12770,SCAP
Q12772,SREBF2
Q12791,KCNMA1
Q12797,ASPH
Q12809,KCNH2
Q12836,ZP4
Q12846,STX4
Q12860,CNTN1
Q12864,CDH17
Q12866,MERTK
Q12879,GRIN2A
Q12884,FAP
Q12891,HYAL2
Q12893,TMEM115
Q12904,AIMP1
Q12907,LMAN2
Q12908,SLC10A2
Q12912,LRMP
Q12913,PTPRJ
Q12918,KLRB1
Q12955,ANK3
Q12981,BNIP1
Q12983,BNIP3
Q12999,TSPAN31
Q13002,GRIK2
Q13003,GRIK3
Q13018,PLA2R1
Q13021,MALL
Q13061,TRDN
Q13113,PDZK1IP1
Q13145,BAMBI
Q13183,SLC13A2
Q13190,STX5
Q13214,SEMA3B
Q13224,GRIN2B
Q13241,KLRD1
Q13255,GRM1
Q13258,PTGDR
Q13261,IL15RA
Q13277,STX3
Q13286,CLN3
Q13291,SLAMF1
Q13303,KCNAB2
Q13304,GPR17
Q13308,PTK7
Q13323,BIK
Q13324,CRHR2
Q13326,SGCG
Q13332,PTPRS
Q13336,SLC14A1
Q13349,ITGAD
Q13370,PDE3B
Q13410,BTN1A1
Q13421,MSLN
Q13423,NNT
Q13433,SLC39A6
Q13443,ADAM9
Q13444,ADAM15
Q13445,TMED1
Q13449,LSAMP
Q13454,TUSC3
Q13467,FZD5
Q13477,MADCAM1
Q13478,IL18R1
Q13488,TCIRG1
Q13491,GPM6B
Q13505,MTX1
Q13507,TRPC3
Q13508,ART3
Q13520,AQP6
Q13530,SERINC3
Q13563,PKD2
Q13571,LAPTM5
Q13576,IQGAP2
Q13585,GPR50
Q13586,STIM1
Q13591,SEMA5A
Q13606,OR5I1
Q13607,OR2F1
Q13621,SLC12A1
Q13634,CDH18
Q13635,PTCH1
Q13639,HTR4
Q13641,TPBG
Q13651,IL10RA
Q13683,ITGA7
Q13685,AAMP
Q13698,CACNA1S
Q13705,ACVR2B
Q13724,MOGS
Q13733,ATP1A4
Q13740,ALCAM
Q13797,ITGA9
Q13873,BMPR2
Q13936,CACNA1C
Q13948,CUX1
Q14002,CEACAM7
Q14003,KCNC3
Q14028,CNGB1
Q14108,SCARB2
Q14112,NID2
Q14114,LRP8
Q14118,DAG1
Q14126,DSG2
Q14141,6-Sep
Q14162,SCARF1
Q14165,MLEC
Q14210,LY6D
Q14242,SELPLG
Q14246,ADGRE1
Q14254,FLOT2
Q14318,FKBP8
Q14330,GPR18
Q14332,FZD2
Q14390,GGTLC2
Q14392,LRRC32
Q14416,GRM2
Q14432,PDE3A
Q14435,GALNT3
Q14439,GPR176
Q14494,NFE2L1
Q14500,KCNJ12
Q14512,FGFBP1
Q14517,FAT1
Q14524,SCN5A
Q14534,SQLE
Q14542,SLC29A2
Q14571,ITPR2
Q14573,ITPR3
Q14574,DSC3
Q14626,IL11RA
Q14627,IL13RA2
Q14643,ITPR1
Q14654,KCNJ11
Q14656,TMEM187
Q14689,DIP2A
Q14703,MBTPS1
Q14714,SSPN
Q14721,KCNB1
Q14728,MFSD10
Q14739,LBR
Q14761,PTPRCAP
Q14773,ICAM4
Q14789,GOLGB1
Q147U7,SMCO1
Q14802,FXYD3
Q14831,GRM7
Q14832,GRM3
Q14833,GRM4
Q14849,STARD3
Q14916,SLC17A1
Q14940,SLC9A5
Q14943,KIR3DS1
Q14952,KIR2DS3
Q14953,KIR2DS5
Q14954,KIR2DS1
Q14956,GPNMB
Q14957,GRIN2C
Q14973,SLC10A1
Q14982,OPCML
Q14BN4,SLMAP
Q14C87,TMEM132D
Q14CN2,CLCA4
Q14CX5,MFSD13A
Q14CZ8,HEPACAM
Q14D33,RTP5
Q14DG7,TMEM132B
Q15005,SPCS2
Q15011,HERPUD1
Q15012,LAPTM4A
Q15019,2-Sep
Q15035,TRAM2
Q15041,ARL6IP1
Q15043,SLC39A14
Q15077,P2RY6
Q15109,AGER
Q15116,PDCD1
Q15125,EBP
Q15155,NOMO1
Q15223,NECTIN1
Q15256,PTPRR
Q15262,PTPRK
Q15303,ERBB4
Q15363,TMED2
Q15375,EPHA7
Q15388,TOMM20
Q15391,P2RY14
Q15392,DHCR24
Q15399,TLR1
Q15413,RYR3
Q15465,SHH
Q15546,MMD
Q15612,OR1Q1
Q15614,unmapped
Q15615,OR4D1
Q15617,OR8G1
Q15619,OR1C1
Q15620,OR8B8
Q15622,OR7A5
Q15629,TRAM1
Q15722,LTB4R
Q15738,NSDHL
Q15743,GPR68
Q15746,MYLK
Q15758,SLC1A5
Q15760,GPR19
Q15761,NPY5R
Q15762,CD226
Q15768,EFNB3
Q15800,MSMO1
Q15822,CHRNA2
Q15825,CHRNA6
Q15836,VAMP3
Q15842,KCNJ8
Q15848,ADIPOQ
Q15849,SLC14A2
Q15858,SCN9A
Q15878,CACNA1E
Q15884,FAM189A2
Q15904,ATP6AP1
Q16099,GRIK4
Q16181,7-Sep
Q16206,ENOX2
Q16281,CNGA3
Q16288,NTRK3
Q16322,KCNA10
Q16348,SLC15A2
Q16394,EXT1
Q16445,GABRA6
Q16478,GRIK5
Q16512,PKN1
Q16513,PKN2
Q16515,ASIC2
Q16538,GPR162
Q16549,PCSK7
Q16552,IL17A
Q16553,LY6E
Q16558,KCNMB1
Q16563,SYPL1
Q16570,ACKR1
Q16572,SLC18A3
Q16581,C3AR1
Q16585,SGCB
Q16586,SGCA
Q16602,CALCRL
Q16611,BAK1
Q16617,NKG7
Q16620,NTRK2
Q16623,STX1A
Q16625,OCLN
Q16635,TAZ
Q16651,PRSS8
Q16653,MOG
Q16655,MLANA
Q16671,AMHR2
Q16706,MAN2A1
Q16720,ATP2B3
Q16790,CA9
Q16819,MEP1A
Q16820,MEP1B
Q16821,PPP1R3A
Q16827,PTPRO
Q16832,DDR2
Q16842,ST3GAL2
Q16849,PTPRN
Q16850,CYP51A1
Q16853,AOC3
Q16873,LTC4S
Q16880,UGT8
Q16891,IMMT
Q17R55,FAM187B
Q17R60,IMPG1
Q17RQ9,NKPD1
Q17RY6,LY6K
Q19T08,ECSCR
Q1AE95,TMEM183B
Q1EHB4,SLC5A12
Q1HG43,DUOXA1
Q1HG44,DUOXA2
Q24JP5,TMEM132A
Q24JQ0,TMEM241
Q29718,HLA-B
Q29836,HLA-B
Q29865,HLA-C
Q29940,HLA-B
Q29960,HLA-C
Q29963,HLA-C
Q29974,HLA-DRB1
Q29980,MICB
Q29983,MICA
Q2HXU8,CLEC12B
Q2I0M4,LRRC26
Q2KHT4,GSG1
Q2LD37,KIAA1109
Q2M2E3,ODF4
Q2M2H8,MGAM2
Q2M385,MPEG1
Q2M3C6,TMEM266
Q2M3G0,ABCB5
Q2M3M2,SLC5A9
Q2M3R5,SLC35G1
Q2M3T9,HYAL4
Q2PZI1,DPY19L1
Q2T9K0,TMEM44
Q2TAA5,ALG11
Q2TBF2,WSCD2
Q2VWP7,PRTG
Q2VYF4,LETM2
Q2WEN9,CEACAM16
Q2WGJ9,FER1L6
Q2Y0W8,SLC4A8
Q30134,HLA-DRB1
Q30154,HLA-DRB5
Q30167,HLA-DRB1
Q30201,HFE
Q30KP9,DEFB135
Q30KQ4,DEFB116
Q30KQ5,DEFB115
Q31610,HLA-B
Q31612,HLA-B
Q32M45,ANO4
Q32ZL2,PLPPR5
Q3B7T3,BEAN1
Q3C1V0,MS4A18
Q3KNS1,PTCHD3
Q3KNT9,TMEM95
Q3KNW5,SLC10A6
Q3KPI0,CEACAM21
Q3KR16,PLEKHG6
Q3KR37,GRAMD1B
Q3MIP1,ITPRIPL2
Q3MIR4,TMEM30B
Q3MIW9,DPCR1
Q3MIX3,ADCK5
Q3MUY2,PIGY
Q3SXP7,SHISAL1
Q3SXY7,LRIT3
Q3SY17,SLC25A52
Q3SY77,UGT3A2
Q3SYC2,MOGAT2
Q3T906,GNPTAB
Q3V5L5,MGAT5B
Q3YBM2,TMEM176B
Q3ZAQ7,VMA21
Q3ZCQ3,FAM174B
Q3ZCQ8,TIMM50
Q401N2,ZACN
Q494W8,CHRFAM7A
Q495A1,TIGIT
Q495M3,SLC36A2
Q495N2,SLC36A3
Q495T6,MMEL1
Q495W5,FUT11
Q496F6,CD300E
Q496H8,NRN1L
Q496J9,SV2C
Q49A17,GALNTL6
Q49SQ1,GPR33
Q4ADV7,RIC1
Q4G0N0,GGTA1P
Q4G0N8,SLC9C1
Q4G0T1,unmapped
Q4G148,GXYLT1
Q4G1C9,GLIPR1L2
Q4KMG0,CDON
Q4KMG9,TMEM52B
Q4KMQ2,ANO6
Q4KMZ8,NKAIN1
Q4LDR2,CTXN3
Q4QY38,DEFB134
Q4U2R8,SLC22A6
Q4V9L6,TMEM119
Q4VC39,HIGD2B
Q4VCS5,AMOT
Q4VNC0,ATP13A5
Q4VNC1,ATP13A4
Q4VXF1,FAM74A3
Q4ZG55,GREB1
Q4ZIN3,TMEM259
Q4ZJI4,SLC9B1
Q504Y0,SLC39A12
Q50LG9,LRRC24
Q53EL9,SEZ6
Q53EP0,FNDC3B
Q53EU6,GPAT3
Q53EZ4,CEP55
Q53F39,MPPE1
Q53FP2,TMEM35A
Q53GD3,SLC44A4
Q53GQ0,HSD17B12
Q53HI1,UNC50
Q53R12,TM4SF20
Q53RT3,ASPRV1
Q53RY4,KRTCAP3
Q53S58,TMEM177
Q53TN4,CYBRD1
Q562E7,WDR81
Q567V2,MPV17L2
Q587I9,SFT2D3
Q58DX5,NAALADL2
Q58EX2,SDK2
Q58HT5,AWAT1
Q5BIV9,SPRN
Q5BJD5,TMEM41B
Q5BJH2,TMEM128
Q5BJH7,YIF1B
Q5BKT4,ALG10
Q5BKX6,SLC45A4
Q5BVD1,TTMP
Q5DID0,UMODL1
Q5DX21,IGSF11
Q5EB52,MEST
Q5FWE3,PRRT3
Q5FYA8,ARSH
Q5GH70,XKR9
Q5GH72,XKR7
Q5GH73,XKR6
Q5GH76,XKR4
Q5GH77,XKR3
Q5H8A4,PIGG
Q5H943,CT83
Q5H9E4,SLC25A53
Q5H9R4,ARMCX4
Q5HYA8,TMEM67
Q5HYJ1,TECRL
Q5HYL7,TMEM196
Q5I7T1,ALG10B
Q5IJ48,CRB2
Q5J5C9,DEFB121
Q5J8M3,EMC4
Q5J8X5,MS4A13
Q5JPE7,NOMO2
Q5JQS5,OR2B11
Q5JRA6,MIA3
Q5JRM2,CXorf66
Q5JRS4,OR10J3
Q5JRV8,TMEM255A
Q5JTH9,RRP12
Q5JTV8,TOR1AIP1
Q5JUK3,KCNT1
Q5JW98,CALHM4
Q5JX69,FAM209B
Q5JX71,FAM209A
Q5JXA9,SIRPB2
Q5JXX5,GLRA4
Q5JXX7,TMEM31
Q5JZY3,EPHA10
Q5K4L6,SLC27A3
Q5KU26,COLEC12
Q5M7Z0,RNFT1
Q5M8T2,SLC35D3
Q5MY95,ENTPD8
Q5NUL3,FFAR4
Q5PT55,SLC10A5
Q5QFB9,PAPPA-AS1
Q5QGT7,RTP2
Q5QGZ9,CLEC12A
Q5R3F8,ELFN2
Q5R3K3,CALHM6
Q5RGS3,FAM74A1
Q5SGD2,PPM1L
Q5SNT2,TMEM201
Q5SQ64,LY6G6F
Q5SR56,MFSD14B
Q5SRD1,TIMM23B
Q5SRI9,MANEA
Q5SRN2,C6orf10
Q5SSG8,MUC21
Q5SWH9,TMEM69
Q5SWX8,ODR4
Q5SY80,CATSPERE
Q5SZK8,FREM2
Q5T0T0,8-Mar
Q5T197,DCST1
Q5T1A1,DCST2
Q5T1Q4,SLC35F1
Q5T1S8,NCMAP
Q5T292,C10orf128
Q5T2D2,TREML2
Q5T2E6,C10orf76
Q5T3F8,TMEM63B
Q5T3U5,ABCC10
Q5T442,GJC2
Q5T4D3,TMTC4
Q5T4F4,ZFYVE27
Q5T4S7,UBR4
Q5T4T1,TMEM170B
Q5T601,ADGRF1
Q5T6L9,ERMARD
Q5T6X4,FAM162B
Q5T6X5,GPRC6A
Q5T700,LDLRAD1
Q5T7M9,FAM69A
Q5T7P8,SYT6
Q5T848,GPR158
Q5T8D3,ACBD5
Q5T9L3,WLS
Q5T9Z0,TEDDM1
Q5TAH2,SLC9C2
Q5TAT6,COL13A1
Q5TF21,SOGA3
Q5TF39,MFSD4B
Q5TFQ8,SIRPB1
Q5TGI0,FAXC
Q5TGY1,TMCO4
Q5TGZ0,MINOS1
Q5TH69,ARFGEF3
Q5TZ20,OR2G6
Q5TZJ5,SPATA31A1
Q5U3C3,TMEM164
Q5U4P2,ASPHD1
Q5UAW9,GPR157
Q5UCC4,EMC10
Q5VSG8,MANEAL
Q5VT66,1-Mar
Q5VT99,LRRC38
Q5VTJ3,KLHDC7A
Q5VTT2,C9orf135
Q5VTY9,HHAT
Q5VU13,unmapped
Q5VU36,SPATA31A5
Q5VU65,NUP210L
Q5VU97,CACHD1
Q5VUB5,FAM171A1
Q5VUD6,FAM69B
Q5VUY2,AADACL4
Q5VV42,CDKAL1
Q5VV43,KIAA0319
Q5VV63,ATRNL1
Q5VVB8,TMEM244
Q5VVP1,SPATA31A6
Q5VW36,FOCAD
Q5VW38,GPR107
Q5VWC8,HACD4
Q5VWK5,IL23R
Q5VX71,SUSD4
Q5VXT5,SYPL2
Q5VXU1,NKAIN2
Q5VXU3,CHIC1
Q5VY43,PEAR1
Q5VY80,RAET1L
Q5VYJ5,MALRD1
Q5VYP0,SPATA31A3
Q5VYY1,ANKRD22
Q5VZ66,JAKMIP3
Q5VZ72,IZUMO3
Q5VZI3,TMEM268
Q5VZR4,MFSD14C
Q5VZY2,PLPP4
Q5W0B7,TMEM236
Q5W0N0,C9orf57
Q5W0Z9,ZDHHC20
Q5XG99,LYSMD4
Q5XXA6,ANO1
Q5Y7A7,HLA-DRB1
Q5ZPR3,CD276
Q63HM2,PCNX4
Q63ZE4,SLC22A10
Q643R3,LPCAT4
Q658N2,WSCD1
Q658P3,STEAP3
Q66K14,TBC1D9B
Q66K66,TMEM198
Q674R7,ATG9B
Q685J3,MUC17
Q687X5,STEAP4
Q68CJ9,CREB3L3
Q68CQ1,MROH7
Q68CQ7,GLT8D1
Q68CR1,SEL1L3
Q68CR7,LRRC66
Q68D42,TMEM215
Q68D85,NCR3LG1
Q68DH5,LMBRD2
Q68DV7,RNF43
Q68G75,LEMD1
Q69384,ERVK-6
Q695T7,SLC6A19
Q69YG0,TMEM42
Q69YW2,STUM
Q69YZ2,TMEM200B
Q6AI14,SLC9A4
Q6AZY7,SCARA3
Q6BAA4,FCRLB
Q6DD88,ATL3
Q6DKI7,PVRIG
Q6DN12,MCTP2
Q6DN14,MCTP1
Q6DN72,FCRL6
Q6DWJ6,GPR139
Q6E213,AWAT2
Q6EIG7,CLEC6A
Q6EMK4,VASN
Q6FHJ7,SFRP4
Q6GMR7,FAAH2
Q6GPH6,ITPRIPL1
Q6GTX8,LAIR1
Q6GV28,TMEM225
Q6H3X3,RAET1G
Q6IA17,SIGIRR
Q6IAN0,DHRS7B
Q6IC98,GRAMD4
Q6ICH7,ASPHD2
Q6ICI0,TMEM211
Q6ICL7,SLC35E4
Q6IEE7,TMEM132E
Q6IEE8,SLFN12L
Q6IEU7,OR5M10
Q6IEV9,OR4C11
Q6IEY1,OR4F16
Q6IEZ7,OR2T5
Q6IF00,OR2T2
Q6IF36,OR8G2P
Q6IF42,OR2A2
Q6IF63,OR52W1
Q6IF82,OR4A47
Q6IF99,OR10K2
Q6IFG1,OR52E8
Q6IFH4,OR6B2
Q6IFN5,OR7E24
Q6IS24,GALNT17
Q6ISS4,LAIR2
Q6ISU1,PTCRA
Q6IWH7,ANO7
Q6J4K2,SLC8B1
Q6J9G0,STYK1
Q6KCM7,SLC25A25
Q6L9W6,B4GALNT3
Q6MZM0,HEPHL1
Q6N022,TENM4
Q6N075,MFSD5
Q6NSJ0,MYORG
Q6NSJ5,LRRC8E
Q6NT16,SLC18B1
Q6NTF9,RHBDD2
Q6NUI2,GPAT2
Q6NUJ2,C11orf87
Q6NUK4,REEP3
Q6NUQ4,TMEM214
Q6NUS6,TCTN3
Q6NUS8,UGT3A1
Q6NUT2,DPY19L2
Q6NUT3,MFSD12
Q6NV75,GPR153
Q6NVV3,NIPAL1
Q6NW34,NEPRO
Q6NW40,RGMB
Q6NXN4,DPY19L2P1
Q6NXT4,SLC30A6
Q6NXT6,TAPT1
Q6NYC1,JMJD6
Q6NZ63,STEAP1B
Q6P0A1,FAM180B
Q6P179,ERAP2
Q6P1A2,LPCAT3
Q6P1J6,PLB1
Q6P1M0,SLC27A4
Q6P1Q0,LETMD1
Q6P1S2,C3orf33
Q6P2H8,TMEM53
Q6P3S1,DENND1B
Q6P499,NIPAL3
Q6P4A7,SFXN4
Q6P4E1,CASC4
Q6P4F1,FUT10
Q6P4H8,FAM173B
Q6P4Q7,CNNM4
Q6P531,GGT6
Q6P5S7,RNASEK
Q6P5W5,SLC39A4
Q6P5X7,TMEM71
Q6P6C2,ALKBH5
Q6P7N7,TMEM81
Q6P995,FAM171B
Q6P9A2,GALNT18
Q6P9B9,INTS5
Q6P9F7,LRRC8B
Q6P9G4,TMEM154
Q6PCB7,SLC27A1
Q6PCB8,EMB
Q6PEX7,TEX38
Q6PEY0,GJB7
Q6PEY1,TMEM88
Q6PHW0,IYD
Q6PI25,CNIH2
Q6PI73,LILRA6
Q6PI78,TMEM65
Q6PIS1,SLC23A3
Q6PIU1,KCNV1
Q6PIU2,NCEH1
Q6PIV7,SLC25A34
Q6PIZ9,TRAT1
Q6PJF5,RHBDF2
Q6PJG9,LRFN4
Q6PJI9,WDR59
Q6PJW8,CNST
Q6PK18,OGFOD3
Q6PKC3,TXNDC11
Q6PL45,BRICD5
Q6PML9,SLC30A9
Q6PP77,XKRX
Q6PRD1,GPR179
Q6PXP3,SLC2A7
Q6Q0C1,SLC25A47
Q6Q4G3,LVRN
Q6Q8B3,CD200R1L
Q6QAJ8,TMEM220
Q6QHC5,DEGS2
Q6QNK2,ADGRD1
Q6RW13,AGTRAP
Q6T423,SLC22A25
Q6T4P5,PLPPR3
Q6TCH4,PAQR6
Q6TCH7,PAQR3
Q6U736,OPN5
Q6U841,SLC4A10
Q6UE05,TMEM270
Q6UQ28,PLET1
Q6UVK1,CSPG4
Q6UVM3,KCNT2
Q6UVW9,CLEC2A
Q6UW02,CYP20A1
Q6UW56,ATRAID
Q6UW68,TMEM205
Q6UW78,UQCC3
Q6UW88,EPGN
Q6UWB1,IL27RA
Q6UWD8,C16orf54
Q6UWF3,SCIMP
Q6UWF5,UNQ5815/PRO19632
Q6UWH4,FAM198B
Q6UWH6,TEX261
Q6UWI2,PARM1
Q6UWI4,SHISA2
Q6UWJ1,TMCO3
Q6UWJ8,CD164L2
Q6UWL2,SUSD1
Q6UWL6,KIRREL2
Q6UWM7,LCTL
Q6UWM9,UGT2A3
Q6UWN0,LYPD4
Q6UWN5,LYPD5
Q6UWP7,LCLAT1
Q6UWR7,ENPP6
Q6UWU4,C6orf89
Q6UWV2,MPZL3
Q6UWV7,SHISAL2A
Q6UWW9,TMEM207
Q6UX01,LMBR1L
Q6UX15,LAYN
Q6UX27,VSTM1
Q6UX34,SNORC
Q6UX40,TMEM107
Q6UX41,BTNL8
Q6UX65,DRAM2
Q6UX68,XKR5
Q6UX71,PLXDC2
Q6UX72,B3GNT9
Q6UX82,LYPD8
Q6UX98,ZDHHC24
Q6UXB3,LYPD2
Q6UXB4,CLEC4G
Q6UXB8,PI16
Q6UXC1,MAMDC4
Q6UXD1,HRCT1
Q6UXD5,SEZ6L2
Q6UXD7,SLC49A3
Q6UXE8,BTNL3
Q6UXF1,TMEM108
Q6UXG2,KIAA1324
Q6UXG3,CD300LG
Q6UXG8,BTNL9
Q6UXK2,ISLR2
Q6UXK5,LRRN1
Q6UXL0,IL20RB
Q6UXM1,LRIG3
Q6UXN7,TOMM20L
Q6UXN8,CLEC9A
Q6UXN9,WDR82
Q6UXP3,TMEM14EP
Q6UXU4,GSG1L
Q6UXU6,TMEM92
Q6UXV0,GFRAL
Q6UXV1,IZUMO2
Q6UXV4,APOOL
Q6UXX9,RSPO2
Q6UXY8,TMC5
Q6UXZ0,TMIGD1
Q6UXZ3,CD300LD
Q6UXZ4,UNC5D
Q6UY09,CEACAM20
Q6UY11,DLK2
Q6UY18,LINGO4
Q6V0I7,FAT4
Q6V0L0,CYP26C1
Q6V1P9,DCHS2
Q6V1X1,DPP8
Q6W3E5,GDPD4
Q6W5P4,NPSR1
Q6XPS3,TPTE2
Q6XR72,SLC30A10
Q6XYQ8,SYT10
Q6Y1H2,HACD2
Q6Y288,B3GLCT
Q6Y2X3,DNAJC14
Q6YBV0,SLC36A4
Q6YHK3,CD109
Q6YI46,TMEM64
Q6ZMB0,B3GNT6
Q6ZMB5,TMEM184A
Q6ZMC9,SIGLEC15
Q6ZMD2,SPNS3
Q6ZMG9,CERS6
Q6ZMH5,SLC39A5
Q6ZMI3,GLDN
Q6ZMJ2,SCARA5
Q6ZMK1,CYHR1
Q6ZMQ8,AATK
Q6ZMR5,TMPRSS11A
Q6ZMZ0,RNF19B
Q6ZMZ3,SYNE3
Q6ZN44,UNC5A
Q6ZNA5,FRRS1
Q6ZNB6,NFXL1
Q6ZNB7,AGMO
Q6ZNC8,MBOAT1
Q6ZNI0,GCNT7
Q6ZNR0,TMEM91
Q6ZP29,PQLC2
Q6ZP80,TMEM182
Q6ZPD8,DGAT2L6
Q6ZPD9,DPY19L3
Q6ZQN7,SLCO4C1
Q6ZQQ2,SPATA31D1
Q6ZRH7,CATSPERG
Q6ZRP7,QSOX2
Q6ZRR5,TMEM136
Q6ZS10,CLEC17A
Q6ZS81,WDFY4
Q6ZS82,RGS9BP
Q6ZSA7,LRRC55
Q6ZSJ9,SHISA6
Q6ZSM3,SLC16A12
Q6ZSS7,MFSD6
Q6ZSY5,PPP1R3F
Q6ZT12,UBR3
Q6ZT21,TMPPE
Q6ZT89,SLC25A48
Q6ZTQ4,CDHR3
Q6ZTR5,CFAP47
Q6ZU64,CFAP65
Q6ZU69,FAM205A
Q6ZUB0,SPATA31D4
Q6ZUB1,SPATA31E1
Q6ZUK4,TMEM26
Q6ZUT9,DENND5B
Q6ZUX7,LHFPL2
Q6ZV29,PNPLA7
Q6ZVE7,GOLT1A
Q6ZVK1,TMEM179
Q6ZVL6,KIAA1549L
Q6ZVN8,HFE2
Q6ZVX9,PAQR9
Q6ZW05,PTCHD4
Q6ZWK6,TMPRSS11F
Q6ZWL3,CYP4V2
Q6ZWT7,MBOAT2
Q6ZXV5,TMTC3
Q70CQ3,USP30
Q70JA7,CHSY3
Q70SY1,CREB3L2
Q70UQ0,IKBIP
Q70Z44,HTR3D
Q71H61,ILDR2
Q71RG4,TMUB2
Q71RH2,FAM57B
Q71RS6,SLC24A5
Q75NE6,MIR17HG
Q75T13,PGAP1
Q75V66,ANO5
Q76EJ3,SLC35D2
Q76KP1,B4GALNT4
Q76LX8,ADAMTS13
Q76MJ5,ERN2
Q7KYR7,BTN2A1
Q7L0J3,SV2A
Q7L0L9,unmapped
Q7L0X0,TRIL
Q7L190,DPPA4
Q7L1I2,SV2B
Q7L1S5,CHST9
Q7L1W4,LRRC8D
Q7L211,ABHD13
Q7L311,ARMCX2
Q7L4E1,MIGA2
Q7L513,FCRLA
Q7L5A8,FA2H
Q7L5L3,GDPD3
Q7L5N7,LPCAT2
Q7L8C5,SYT13
Q7L985,LINGO2
Q7LBE3,SLC26A9
Q7LFX5,CHST15
Q7LG56,RRM2B
Q7LGA3,HS2ST1
Q7LGC8,CHST3
Q7RTM1,OTOP1
Q7RTP0,NIPA1
Q7RTR8,TAS2R42
Q7RTS5,OTOP3
Q7RTS6,OTOP2
Q7RTT9,SLC29A4
Q7RTU9,STRC
Q7RTW8,OTOA
Q7RTX0,TAS1R3
Q7RTX1,TAS1R1
Q7RTX7,CATSPER4
Q7RTX9,SLC16A14
Q7RTY0,SLC16A13
Q7RTY1,SLC16A9
Q7RTY3,PRSS45
Q7RTY8,TMPRSS7
Q7RTY9,PRSS41
Q7Z2D5,PLPPR4
Q7Z2H8,SLC36A1
Q7Z2K6,ERMP1
Q7Z2Q7,LRRC70
Q7Z2W7,TRPM8
Q7Z388,DPY19L4
Q7Z3B0,SMIM15
Q7Z3B1,NEGR1
Q7Z3C6,ATG9A
Q7Z3D4,LYSMD3
Q7Z3F1,GPR155
Q7Z3J2,C16orf62
Q7Z3Q1,SLC46A3
Q7Z3S7,CACNA2D4
Q7Z3T1,OR2W3
Q7Z402,TMC7
Q7Z403,TMC6
Q7Z404,TMC4
Q7Z407,CSMD3
Q7Z408,CSMD2
Q7Z410,TMPRSS9
Q7Z412,PEX26
Q7Z418,KCNK18
Q7Z419,RNF144B
Q7Z429,GRINA
Q7Z434,MAVS
Q7Z442,PKD1L2
Q7Z443,PKD1L3
Q7Z449,CYP2U1
Q7Z4F1,LRP10
Q7Z4J2,GLT6D1
Q7Z4L0,COX8C
Q7Z4N2,TRPM1
Q7Z4T8,GALNTL5
Q7Z4W3,KRTAP19-3
Q7Z553,MDGA2
Q7Z5B4,RIC3
Q7Z5H4,VN1R5
Q7Z5H5,VN1R4
Q7Z5J8,ANKAR
Q7Z5M5,TMC3
Q7Z5N4,SDK1
Q7Z5S9,TMEM144
Q7Z601,GPR142
Q7Z602,GPR141
Q7Z692,CEACAM19
Q7Z695,ADCK2
Q7Z6A9,BTLA
Q7Z6J6,FRMD5
Q7Z6L0,PRRT2
Q7Z6M3,MILR1
Q7Z6W1,TMCO2
Q7Z7B7,DEFB132
Q7Z7B8,DEFB128
Q7Z7D3,VTCN1
Q7Z7H5,TMED4
Q7Z7J7,LHFPL4
Q7Z7M0,MEGF8
Q7Z7M1,ADGRD2
Q7Z7M8,B3GNT8
Q7Z7M9,GALNT5
Q7Z7N9,TMEM179B
Q86SF2,GALNT7
Q86SJ2,AMIGO2
Q86SJ6,DSG4
Q86SK9,SCD5
Q86SM5,MRGPRG
Q86SM8,MRGPRE
Q86SP6,GPR149
Q86SQ3,ADGRE4P
Q86SQ4,ADGRG6
Q86SQ6,ADGRA1
Q86SR1,GALNT10
Q86SS6,SYT9
Q86SU0,ILDR1
Q86T03,PIP4P1
Q86T13,CLEC14A
Q86T26,TMPRSS11B
Q86T96,RNF180
Q86TG1,TMEM150A
Q86TL2,STIMATE
Q86TM6,SYVN1
Q86TY3,C14orf37
Q86U02,LINC00596
Q86UB9,TMEM135
Q86UD3,3-Mar
Q86UD5,SLC9B2
Q86UE4,MTDH
Q86UE6,LRRTM1
Q86UF1,TSPAN33
Q86UF2,CTAGE6
Q86UG4,SLCO6A1
Q86UK0,ABCA12
Q86UK5,EVC2
Q86UL3,GPAT4
Q86UN2,RTN4RL1
Q86UN3,RTN4RL2
Q86UP0,CDH24
Q86UP2,KTN1
Q86UP6,CUZD1
Q86UP9,LHFPL3
Q86UQ4,ABCA13
Q86UQ5,GTSCR1
Q86UV5,USP48
Q86UW1,SLC51A
Q86UW2,SLC51B
Q86V24,ADIPOR2
Q86V35,CABP7
Q86V40,TRABD2A
Q86V85,GPR180
Q86VB7,CD163
Q86VD9,PIGZ
Q86VE9,SERINC5
Q86VF5,MOGAT3
Q86VH4,LRRTM4
Q86VH5,LRRTM3
Q86VI4,LAPTM4B
Q86VL8,SLC47A2
Q86VR2,RETREG3
Q86VR7,VSIG10L
Q86VU5,COMTD1
Q86VW1,SLC22A16
Q86VY9,TMEM200A
Q86VZ1,P2RY8
Q86VZ4,LRP11
Q86W10,CYP4Z1
Q86W33,TPRA1
Q86W47,KCNMB4
Q86W74,ANKRD46
Q86WA9,SLC26A11
Q86WB7,UNC93A
Q86WC4,OSTM1
Q86WG3,ATCAY
Q86WI0,LHFPL1
Q86WI1,PKHD1L1
Q86WK6,AMIGO1
Q86WK7,AMIGO3
Q86WK9,PAQR7
Q86WS5,TMPRSS12
Q86WV6,TMEM173
Q86X19,TMEM17
Q86X29,LSR
Q86X52,CHSY1
Q86XA0,METTL23
Q86XE3,MICU3
Q86XJ0,CALHM3
Q86XK7,VSIG1
Q86XL3,ANKLE2
Q86XM0,CATSPERD
Q86XQ3,CATSPER3
Q86XR5,PRIMA1
Q86XS8,RNF130
Q86XT9,TMEM219
Q86XX4,FRAS1
Q86Y07,VRK2
Q86Y22,COL23A1
Q86Y34,ADGRG3
Q86Y39,NDUFA11
Q86Y82,STX12
Q86YA3,ZGRF1
Q86YC3,NRROS
Q86YD3,TMEM25
Q86YD5,LDLRAD3
Q86YJ5,9-Mar
Q86YL7,PDPN
Q86YS3,RAB11FIP4
Q86YT5,SLC13A5
Q86YT9,JAML
Q86YW5,TREML1
Q86Z14,KLB
Q8IU57,IFNLR1
Q8IU68,TMC8
Q8IU80,TMPRSS6
Q8IU89,CERS3
Q8IU99,CALHM1
Q8IUA7,ABCA9
Q8IUB9,KRTAP19-1
Q8IUC8,GALNT13
Q8IUH4,ZDHHC13
Q8IUH5,ZDHHC17
Q8IUH8,SPPL2C
Q8IUK5,PLXDC1
Q8IUN9,CLEC10A
Q8IUR5,TMTC1
Q8IUS5,EPHX4
Q8IUW5,RELL1
Q8IUX1,TMEM126B
Q8IUY3,GRAMD2A
Q8IV01,SYT12
Q8IV08,PLD3
Q8IV16,GPIHBP1
Q8IV31,TMEM139
Q8IV45,UNC5CL
Q8IV77,CNGA4
Q8IVB4,SLC9A9
Q8IVJ1,SLC41A1
Q8IVJ8,APRG1
Q8IVM8,SLC22A9
Q8IVQ6,ZDHHC21
Q8IVU1,IGDCC3
Q8IVV8,NKAIN4
Q8IVW8,SPNS2
Q8IVY1,C1orf210
Q8IW00,VSTM4
Q8IW52,SLITRK4
Q8IW70,TMEM151B
Q8IWA4,MFN1
Q8IWA5,SLC44A2
Q8IWB4,SPATA31A7
Q8IWB9,TEX2
Q8IWD5,MFSD6L
Q8IWK6,ADGRA3
Q8IWR1,TRIM59
Q8IWT1,SCN4B
Q8IWT6,LRRC8A
Q8IWU2,LMTK2
Q8IWU4,SLC30A8
Q8IWU5,SULF2
Q8IWU6,SULF1
Q8IWV1,LAX1
Q8IWV2,CNTN4
Q8IWX5,SGPP2
Q8IWY4,SCUBE1
Q8IWY9,CDAN1
Q8IX05,CD302
Q8IX19,MCEMP1
Q8IX30,SCUBE3
Q8IX94,CTAGE4
Q8IXA5,SPACA3
Q8IXB3,TUSC5
Q8IXE1,OR4N5
Q8IXF9,AQP12A
Q8IXH8,CDH26
Q8IXI1,RHOT2
Q8IXI2,RHOT1
Q8IXK2,GALNT12
Q8IXM6,NRM
Q8IXU6,SLC35F2
Q8IXX5,TMEM183A
Q8IY17,PNPLA6
Q8IY26,PLPP6
Q8IY34,SLC15A3
Q8IY49,MMD2
Q8IY50,SLC35F3
Q8IY95,TMEM192
Q8IYD8,FANCM
Q8IYJ0,PIANP
Q8IYL9,GPR65
Q8IYM1,12-Sep
Q8IYP9,ZDHHC23
Q8IYR6,TMEFF1
Q8IYS0,GRAMD1C
Q8IYS2,KIAA2013
Q8IYT2,CMTR2
Q8IYV9,IZUMO1
Q8IZ08,GPR135
Q8IZ52,CHPF
Q8IZ57,NRSN1
Q8IZ96,CMTM1
Q8IZA0,KIAA0319L
Q8IZD6,SLC22A15
Q8IZF0,NALCN
Q8IZF2,ADGRF5
Q8IZF3,ADGRF4
Q8IZF4,ADGRG5
Q8IZF5,ADGRF3
Q8IZF6,ADGRG4
Q8IZF7,ADGRF2
Q8IZJ1,UNC5B
Q8IZK6,MCOLN2
Q8IZM9,SLC38A6
Q8IZN3,ZDHHC14
Q8IZP7,HS6ST3
Q8IZP9,ADGRG2
Q8IZR5,CMTM4
Q8IZS7,CLECL1
Q8IZS8,CACNA2D3
Q8IZT8,HS3ST5
Q8IZU8,DSEL
Q8IZU9,KIRREL3
Q8IZV2,CMTM8
Q8IZV5,RDH10
Q8IZY2,ABCA7
Q8J025,APCDD1
Q8N0U2,TMEM61
Q8N0U8,VKORC1L1
Q8N0V5,GCNT2
Q8N0W4,NLGN4X
Q8N0W7,FMR1NB
Q8N0Y3,OR4N4
Q8N0Y5,OR8I2
Q8N0Z9,VSIG10
Q8N104,DEFB106A
Q8N109,KIR2DL5A
Q8N111,CEND1
Q8N112,LSMEM2
Q8N114,SHISA5
Q8N118,CYP4X1
Q8N126,CADM3
Q8N127,OR5AS1
Q8N130,SLC34A3
Q8N131,TMEM123
Q8N138,ORMDL3
Q8N139,ABCA6
Q8N144,GJD3
Q8N146,OR8H3
Q8N148,OR6V1
Q8N149,LILRA2
Q8N158,GPC2
Q8N162,OR8H2
Q8N1C3,GABRG1
Q8N1L4,CYP4Z2P
Q8N1M1,BEST3
Q8N1N0,CLEC4F
Q8N1N2,DYNAP
Q8N1S5,SLC39A11
Q8N1Y9,unmapped
Q8N201,INTS1
Q8N205,SYNE4
Q8N271,PROM2
Q8N292,GAPT
Q8N2A8,PLD6
Q8N2C7,UNC80
Q8N2F6,ARMC10
Q8N2G4,LYPD1
Q8N2H4,SYS1
Q8N2K0,ABHD12
Q8N2K1,UBE2J2
Q8N2M4,TMEM86A
Q8N2Q7,NLGN1
Q8N2U0,TMEM256
Q8N2U9,PQLC1
Q8N326,C10orf111
Q8N349,OR2L13
Q8N350,CBARP
Q8N357,SLC35F6
Q8N370,SLC43A2
Q8N386,LRRC25
Q8N387,MUC15
Q8N394,TMTC2
Q8N3E9,PLCD3
Q8N3F9,GPR137C
Q8N3G9,TMEM130
Q8N3J6,CADM2
Q8N3S3,PHTF2
Q8N3T1,GALNT15
Q8N3T6,TMEM132C
Q8N3Y3,LARGE2
Q8N3Y7,SDR16C5
Q8N414,PGBD5
Q8N423,LILRB2
Q8N428,GALNT16
Q8N434,SVOPL
Q8N441,FGFRL1
Q8N468,MFSD4A
Q8N474,SFRP1
Q8N490,PNKD
Q8N4A0,GALNT4
Q8N4C9,C17orf78
Q8N4F4,SLC22A24
Q8N4F7,RNF175
Q8N4H5,TOMM5
Q8N4K4,RPRML
Q8N4L1,TMEM151A
Q8N4L2,PIP4P2
Q8N4L4,SPEM1
Q8N4M1,SLC44A3
Q8N4S7,PAQR4
Q8N4S9,MARVELD2
Q8N4V1,MMGT1
Q8N4V2,SVOP
Q8N4W6,DNAJC22
Q8N511,TMEM199
Q8N539,FIBCD1
Q8N5B7,CERS5
Q8N5C1,CALHM5
Q8N5D6,GBGT1
Q8N5G0,SMIM20
Q8N5G2,MACO1
Q8N5H3,FAM89B
Q8N5K1,CISD2
Q8N5M9,JAGN1
Q8N5S1,SLC25A41
Q8N5U1,MS4A15
Q8N5Y8,PARP16
Q8N608,DPP10
Q8N609,TRAM1L1
Q8N614,TMEM156
Q8N628,OR2C3
Q8N661,TMEM86B
Q8N682,DRAM1
Q8N687,DEFB125
Q8N688,DEFB123
Q8N690,DEFB119
Q8N695,SLC5A8
Q8N697,SLC15A4
Q8N699,MYCT1
Q8N6C5,IGSF1
Q8N6C8,LILRA3
Q8N6D2,RNF182
Q8N6F1,CLDN19
Q8N6G5,CSGALNACT2
Q8N6K0,TEX29
Q8N6L0,CCDC155
Q8N6L1,KRTCAP2
Q8N6L7,TMEM252
Q8N6M8,IQCF1
Q8N6P7,IL22RA1
Q8N6Q1,TMCO5A
Q8N6Q3,CD177
Q8N6R1,SERP2
Q8N6S5,ARL6IP6
Q8N6U8,GPR161
Q8N6Y1,PCDH20
Q8N743,KIR3DL3
Q8N755,PQLC3
Q8N7C0,LRRC52
Q8N7C4,TMEM217
Q8N7C7,RNF148
Q8N7P1,PLD5
Q8N7P3,CLDN22
Q8N7S6,ARIH2OS
Q8N7X8,SIGLECL1
Q8N808,SLC35G3
Q8N816,TMEM99
Q8N8D7,NKAIN3
Q8N8D9,C5orf56
Q8N8F6,YIPF7
Q8N8F7,LSMEM1
Q8N8J7,FAM241A
Q8N8N0,RNF152
Q8N8Q1,CYB561D1
Q8N8Q9,NIPA2
Q8N8V8,TMEM105
Q8N8Z6,DCBLD1
Q8N912,NRAC
Q8N966,ZDHHC22
Q8N967,LRTM2
Q8N9A8,CNEP1R1
Q8N9F0,NAT8L
Q8N9F7,GDPD1
Q8N9I0,SYT2
Q8N9I5,FADS6
Q8N9M5,TMEM102
Q8N9R8,SCAI
Q8N9W7,unmapped
Q8N9X5,TMEM75
Q8NA29,MFSD2A
Q8NA58,PNLDC1
Q8NAC3,IL17RC
Q8NAN2,MIGA1
Q8NAT1,POMGNT2
Q8NAU1,FNDC5
Q8NB49,ATP11C
Q8NB59,SYT14
Q8NBD8,TMEM229B
Q8NBF6,AVL9
Q8NBI2,CYB561A3
Q8NBI5,SLC43A3
Q8NBI6,XXYLT1
Q8NBJ4,GOLM1
Q8NBJ9,SIDT2
Q8NBL3,TMEM178A
Q8NBM4,UBAC2
Q8NBN3,TMEM87A
Q8NBP5,MFSD9
Q8NBP7,PCSK9
Q8NBQ7,AQP11
Q8NBR0,TP53I13
Q8NBS3,SLC4A11
Q8NBT3,TMEM145
Q8NBV4,PLPP7
Q8NBV8,SYT8
Q8NBW4,SLC38A9
Q8NBX0,SCCPDH
Q8NBZ7,UXS1
Q8NC01,CLEC1A
Q8NC06,ACBD4
Q8NC24,RELL2
Q8NC42,RNF149
Q8NC44,RETREG2
Q8NC54,KCT2
Q8NC67,NETO2
Q8NCC5,SLC37A3
Q8NCG5,CHST4
Q8NCG7,DAGLB
Q8NCH0,CHST14
Q8NCK7,SLC16A11
Q8NCL4,GALNT6
Q8NCL8,TMEM116
Q8NCM2,KCNH5
Q8NCR0,B3GALNT2
Q8NCR9,CLRN3
Q8NCS7,SLC44A5
Q8NCU8,SMIM37
Q8NCW0,KREMEN2
Q8NCW6,GALNT11
Q8ND61,C3orf20
Q8ND94,LRRN4CL
Q8NDB6,FAM156A
Q8NDV1,ST6GALNAC3
Q8NDV2,GPR26
Q8NDX2,SLC17A8
Q8NDY8,TMEM52
Q8NDZ6,TMEM161B
Q8NE00,TMEM104
Q8NE01,CNNM3
Q8NE79,BVES
Q8NE86,MCU
Q8NEA5,C19orf18
Q8NEB5,PLPP5
Q8NEC5,CATSPER1
Q8NEQ5,C1orf162
Q8NER1,TRPV1
Q8NER5,ACVR1C
Q8NES3,LFNG
Q8NES8,DEFB124
Q8NET1,DEFB108B
Q8NET5,NFAM1
Q8NET6,CHST13
Q8NET8,TRPV3
Q8NEW0,SLC30A7
Q8NEW7,TMIE
Q8NF37,LPCAT1
Q8NF91,SYNE1
Q8NFB2,TMEM185A
Q8NFF2,SLC24A4
Q8NFJ5,GPRC5A
Q8NFJ6,PROKR2
Q8NFK1,GJC3
Q8NFL0,B3GNT7
Q8NFM4,ADCY4
Q8NFM7,IL17RD
Q8NFN8,GPR156
Q8NFP4,MDGA1
Q8NFQ8,TOR1AIP2
Q8NFR3,SPTSSB
Q8NFR9,IL17RE
Q8NFT2,STEAP2
Q8NFT8,DNER
Q8NFU0,BEST4
Q8NFU1,BEST2
Q8NFY4,SEMA6D
Q8NFZ3,NLGN4Y
Q8NFZ4,NLGN2
Q8NFZ6,VN1R2
Q8NFZ8,CADM4
Q8NG04,SLC26A10
Q8NG11,TSPAN14
Q8NG75,OR5T1
Q8NG76,OR2T33
Q8NG77,OR2T12
Q8NG78,OR8G5
Q8NG80,OR2L5
Q8NG81,OR2M7
Q8NG83,OR2M3
Q8NG84,OR2AK2
Q8NG85,OR2L3
Q8NG92,OR13H1
Q8NG94,OR11H1
Q8NG95,OR7G3
Q8NG97,OR2Z1
Q8NG98,OR7D4
Q8NG99,OR7G2
Q8NGA0,OR7G1
Q8NGA1,OR1M1
Q8NGA2,OR7A2P
Q8NGA4,GPR32P1
Q8NGA5,OR10H4
Q8NGA6,OR10H5
Q8NGA8,OR4F17
Q8NGB2,OR4C5
Q8NGB4,OR4S1
Q8NGB6,OR4M2
Q8NGB8,OR4F15
Q8NGB9,OR4F6
Q8NGC0,OR5AU1
Q8NGC1,OR11G2
Q8NGC2,OR4E2
Q8NGC3,OR10G2
Q8NGC4,OR10G3
Q8NGC5,OR6J1
Q8NGC6,OR4K17
Q8NGC7,OR11H6
Q8NGC8,OR11H7
Q8NGC9,OR11H4
Q8NGD0,OR4M1
Q8NGD1,OR4N2
Q8NGD2,OR4K2
Q8NGD3,OR4K5
Q8NGD4,OR4K1
Q8NGD5,OR4K14
Q8NGE0,OR10AD1
Q8NGE1,OR6C4
Q8NGE2,OR2AP1
Q8NGE3,OR10P1
Q8NGE5,OR10A7
Q8NGE7,OR9K2
Q8NGE8,OR4D9
Q8NGE9,OR9Q2
Q8NGF0,OR52B6
Q8NGF1,OR52R1
Q8NGF3,OR51D1
Q8NGF4,OR5AP2
Q8NGF6,OR10W1
Q8NGF7,OR5B17
Q8NGF8,OR4B1
Q8NGF9,OR4X2
Q8NGG0,OR8J3
Q8NGG1,OR8J2
Q8NGG2,OR5T2
Q8NGG3,OR5T3
Q8NGG4,OR8H1
Q8NGG5,OR8K1
Q8NGG6,OR8B12
Q8NGG7,OR8A1
Q8NGG8,OR8B3
Q8NGH3,OR2D3
Q8NGH5,OR56A1
Q8NGH6,OR52L2P
Q8NGH7,OR52L1
Q8NGH8,OR56A4
Q8NGH9,OR52E4
Q8NGI0,OR52N2
Q8NGI1,OR56B2P
Q8NGI2,OR52N4
Q8NGI3,OR56B1
Q8NGI4,OR4D11
Q8NGI6,OR4D10
Q8NGI7,OR10V1
Q8NGI8,OR5AN1
Q8NGI9,OR5A2
Q8NGJ0,OR5A1
Q8NGJ1,OR4D6
Q8NGJ2,OR52H1
Q8NGJ3,OR52E1
Q8NGJ4,OR52E2
Q8NGJ5,OR51L1
Q8NGJ6,OR51A4
Q8NGJ7,OR51A2
Q8NGJ8,OR51S1
Q8NGJ9,OR51T1
Q8NGK0,OR51G2
Q8NGK1,OR51G1
Q8NGK2,OR52B4
Q8NGK3,OR52K2
Q8NGK4,OR52K1
Q8NGK5,OR52M1
Q8NGK6,OR52I1
Q8NGK9,OR5D16
Q8NGL0,OR5L2
Q8NGL1,OR5D18
Q8NGL2,OR5L1
Q8NGL3,OR5D14
Q8NGL4,OR5D13
Q8NGL6,OR4A15
Q8NGL7,OR4P4
Q8NGL9,OR4C16
Q8NGM1,OR4C15
Q8NGM8,OR6M1
Q8NGM9,OR8D4
Q8NGN0,OR4D5
Q8NGN1,OR6T1
Q8NGN2,OR10S1
Q8NGN3,OR10G4
Q8NGN4,OR10G9
Q8NGN5,OR10G8
Q8NGN6,OR10G7
Q8NGN7,OR10D4P
Q8NGN8,OR4A4P
Q8NGP0,OR4C13
Q8NGP2,OR8J1
Q8NGP3,OR5M9
Q8NGP4,OR5M3
Q8NGP6,OR5M8
Q8NGP8,OR5M1
Q8NGP9,OR5AR1
Q8NGQ1,OR9G4
Q8NGQ2,OR6Q1
Q8NGQ3,OR1S2
Q8NGQ4,OR10Q1
Q8NGQ5,OR9Q1
Q8NGQ6,OR9I1
Q8NGR1,OR13A1
Q8NGR2,OR1L6
Q8NGR3,OR1K1
Q8NGR4,OR5C1
Q8NGR5,OR1L4
Q8NGR6,OR1B1
Q8NGR8,OR1L8
Q8NGR9,OR1N2
Q8NGS0,OR1N1
Q8NGS1,OR1J4
Q8NGS2,OR1J2
Q8NGS3,OR1J1
Q8NGS4,OR13F1
Q8NGS5,OR13C4
Q8NGS6,OR13C3
Q8NGS7,OR13C8
Q8NGS8,OR13C5
Q8NGS9,OR13C2
Q8NGT0,OR13C9
Q8NGT1,OR2K2
Q8NGT2,OR13J1
Q8NGT5,OR9A2
Q8NGT7,OR2A12
Q8NGT9,OR2A1
Q8NGU1,OR9A1P
Q8NGU2,OR9A4
Q8NGU4,OR2I1P
Q8NGU9,GPR150
Q8NGV0,OR2Y1
Q8NGV5,OR13D1
Q8NGV6,OR5H6
Q8NGV7,OR5H2
Q8NGW1,OR6B3
Q8NGW6,OR6K6
Q8NGX0,OR11L1
Q8NGX1,OR2T34
Q8NGX2,OR2T35
Q8NGX3,OR10T2
Q8NGX5,OR10K1
Q8NGX6,OR10R2
Q8NGX8,OR6Y1
Q8NGX9,OR6P1
Q8NGY0,OR10X1
Q8NGY1,OR10Z1
Q8NGY2,OR6K2
Q8NGY3,OR6K3
Q8NGY5,OR6N1
Q8NGY6,OR6N2
Q8NGY7,OR10J6P
Q8NGY9,OR2L8
Q8NGZ0,OR2AJ1
Q8NGZ2,OR14K1
Q8NGZ3,OR13G1
Q8NGZ4,OR2G3
Q8NGZ5,OR2G2
Q8NGZ6,OR6F1
Q8NGZ9,OR2T10
Q8NH00,OR2T4
Q8NH01,OR2T11
Q8NH02,OR2T29
Q8NH03,OR2T3
Q8NH04,OR2T27
Q8NH05,OR4Q3
Q8NH06,OR1P1
Q8NH07,OR11H2
Q8NH08,OR10AC1
Q8NH09,OR8S1
Q8NH10,OR8U1
Q8NH16,OR2L2
Q8NH18,OR5J2
Q8NH19,OR10AG1
Q8NH21,OR4F5
Q8NH37,OR4C3
Q8NH40,OR6S1
Q8NH41,OR4K15
Q8NH42,OR4K13
Q8NH43,OR4L1
Q8NH48,OR5B3
Q8NH49,OR4X1
Q8NH50,OR8K5
Q8NH51,OR8K3
Q8NH53,OR52N1
Q8NH54,OR56A3
Q8NH55,OR52E5
Q8NH56,OR52N5
Q8NH57,OR52P1P
Q8NH59,OR51Q1
Q8NH60,OR52J3
Q8NH61,OR51F2
Q8NH63,OR51H1
Q8NH64,OR51A7
Q8NH67,OR52I2
Q8NH69,OR5W2
Q8NH70,OR4A16
Q8NH72,OR4C6
Q8NH73,OR4S2
Q8NH74,OR10A6
Q8NH76,OR56B4
Q8NH79,OR6X1
Q8NH80,OR10D3
Q8NH81,OR10G6
Q8NH83,OR4A5
Q8NH85,OR5R1
Q8NH87,OR9G1
Q8NH89,OR5AK3P
Q8NH90,OR5AK2
Q8NH92,OR1S1
Q8NH93,OR1L3
Q8NH94,OR1L1
Q8NH95,OR13C6P
Q8NHA4,OR2AE1
Q8NHA6,OR2W6P
Q8NHA8,OR1F12
Q8NHB1,OR2V1
Q8NHB7,OR5K1
Q8NHB8,OR5K2
Q8NHC4,OR10J5
Q8NHC5,OR14A16
Q8NHC6,OR14L1P
Q8NHC7,OR14C36
Q8NHC8,OR2T6
Q8NHE4,ATP6V0E2
Q8NHH9,ATL2
Q8NHJ6,LILRB4
Q8NHK3,KIR2DL5B
Q8NHL6,LILRB1
Q8NHP6,MOSPD2
Q8NHS1,CLDND2
Q8NHS3,MFSD8
Q8NHU3,SGMS2
Q8NHV5,MOSMO
Q8NHX9,TPCN2
Q8NHY0,B4GALNT2
Q8NI17,IL31RA
Q8NI32,LYPD6B
Q8TAA9,VANGL1
Q8TAB3,PCDH19
Q8TAC9,SCAMP5
Q8TAD4,SLC30A5
Q8TAE7,KCNG3
Q8TAF8,LHFPL5
Q8TAQ9,SUN3
Q8TAV3,CYP2W1
Q8TAV4,STOML3
Q8TAZ6,CMTM2
Q8TB36,GDAP1
Q8TB61,SLC35B2
Q8TB68,PRR7
Q8TB96,ITFG1
Q8TBA6,GOLGA5
Q8TBB6,SLC7A14
Q8TBE1,CNIH3
Q8TBE3,FNDC9
Q8TBE7,SLC35G2
Q8TBF5,PIGX
Q8TBG9,SYNPR
Q8TBJ4,PLPPR1
Q8TBM7,TMEM254
Q8TBM8,DNAJB14
Q8TBP5,FAM174A
Q8TBP6,SLC25A40
Q8TBQ9,TMEM167A
Q8TBR7,FAM57A
Q8TC12,RDH11
Q8TC26,TMEM163
Q8TC27,ADAM32
Q8TC36,SUN5
Q8TC41,RNF217
Q8TCB6,OR51E1
Q8TCC7,SLC22A8
Q8TCG1,CIP2A
Q8TCG5,CPT1C
Q8TCJ2,STT3B
Q8TCP9,FAM200A
Q8TCQ1,1-Mar
Q8TCT6,SPPL3
Q8TCT7,SPPL2B
Q8TCT8,SPPL2A
Q8TCT9,HM13
Q8TCU3,SLC7A13
Q8TCU5,GRIN3A
Q8TCW7,ZPLD1
Q8TCW9,PROKR1
Q8TCY0,SMIM11B
Q8TCY5,MRAP
Q8TCZ2,CD99L2
Q8TD07,RAET1E
Q8TD20,SLC2A12
Q8TD43,TRPM4
Q8TD46,CD200R1
Q8TD84,DSCAML1
Q8TDB4,MGARP
Q8TDB8,SLC2A14
Q8TDD5,MCOLN3
Q8TDF5,NETO1
Q8TDI7,TMC2
Q8TDI8,TMC1
Q8TDM5,SPACA4
Q8TDN1,KCNG4
Q8TDN2,KCNV2
Q8TDQ0,HAVCR2
Q8TDQ1,CD300LF
Q8TDS4,HCAR2
Q8TDS5,OXER1
Q8TDS7,MRGPRD
Q8TDT2,GPR152
Q8TDU6,GPBAR1
Q8TDU9,RXFP4
Q8TDV0,GPR151
Q8TDV2,GPR148
Q8TDV5,GPR119
Q8TDW0,LRRC8C
Q8TDW4,ST7L
Q8TDW7,FAT3
Q8TDX5,ACMSD
Q8TDX6,CSGALNACT1
Q8TDX9,PKD1L1
Q8TDY8,IGDCC4
Q8TE23,TAS1R2
Q8TE54,SLC26A7
Q8TE99,PXYLP1
Q8TEB7,RNF128
Q8TEB9,RHBDD1
Q8TED1,GPX8
Q8TED4,SLC37A2
Q8TEF2,C10orf105
Q8TEM1,NUP210
Q8TEQ8,PIGO
Q8TEY5,CREB3L4
Q8TEZ7,PAQR8
Q8TF08,COX7B2
Q8TF62,ATP8B4
Q8TF66,LRRC15
Q8TF71,SLC16A10
Q8WTQ1,DEFB104A
Q8WTR4,GDPD5
Q8WTT0,CLEC4C
Q8WTV0,SCARB1
Q8WTX9,ZDHHC1
Q8WU17,RNF139
Q8WU66,TSPEAR
Q8WU67,ABHD3
Q8WUD6,CHPT1
Q8WUG5,SLC22A17
Q8WUH6,TMEM263
Q8WUM9,SLC20A1
Q8WUS8,SDR42E1
Q8WUT4,LRRN4
Q8WUT9,SLC25A43
Q8WUU8,TMEM174
Q8WUX1,SLC38A5
Q8WUY8,NAT14
Q8WV15,TMEM255B
Q8WV19,SFT2D1
Q8WV48,CCDC107
Q8WV83,SLC35F5
Q8WVC6,DCAKD
Q8WVE6,TMEM171
Q8WVE7,TMEM170A
Q8WVN6,SECTM1
Q8WVP7,LMBR1
Q8WVQ1,CANT1
Q8WVV5,BTN2A2
Q8WVX3,C4orf3
Q8WVX9,FAR1
Q8WVZ1,ZDHHC19
Q8WVZ7,RNF133
Q8WW34,TMEM239
Q8WW43,APH1B
Q8WW52,FAM151A
Q8WW62,TMED6
Q8WWA0,ITLN1
Q8WWA1,TMEM40
Q8WWB7,GLMP
Q8WWF3,SSMEM1
Q8WWF5,ZNRF4
Q8WWG1,NRG4
Q8WWG9,KCNE4
Q8WWI5,SLC44A1
Q8WWL2,SPIRE2
Q8WWP7,GIMAP1
Q8WWQ8,STAB2
Q8WWT9,SLC13A3
Q8WWU5,TCP11
Q8WWV6,FCAMR
Q8WWX8,SLC5A11
Q8WWZ4,ABCA10
Q8WWZ7,ABCA5
Q8WXA8,HTR3C
Q8WXD0,RXFP2
Q8WXF7,ATL1
Q8WXG9,GPR98
Q8WXH0,SYNE2
Q8WXH2,JPH3
Q8WXI7,MUC16
Q8WXI8,CLEC4D
Q8WXS4,TMEM37
Q8WXS5,CACNG8
Q8WY07,SLC7A3
Q8WY21,SORCS1
Q8WY22,BRI3BP
Q8WY98,TMEM234
Q8WYK1,CNTNAP5
Q8WYL5,SSH1
Q8WZ04,LRTOMT
Q8WZ55,BSND
Q8WZ59,TMEM190
Q8WZ71,TMEM158
Q8WZ75,ROBO4
Q8WZ84,OR8D1
Q8WZ92,OR5P2
Q8WZ94,OR5P3
Q8WZA1,POMGNT1
Q8WZA6,OR1E3
Q902F8,ERVK-8
Q902F9,HERVK_113
Q92185,ST8SIA1
Q92186,ST8SIA2
Q92187,ST8SIA4
Q92478,CLEC2B
Q92482,AQP3
Q92504,SLC39A7
Q92508,PIEZO1
Q92521,PIGB
Q92535,PIGC
Q92536,SLC7A6
Q92537,SUSD6
Q92542,NCSTN
Q92543,SNX19
Q92544,TM9SF4
Q92545,TMEM131
Q92581,SLC9A6
Q92604,LPGAT1
Q92611,EDEM1
Q92617,NPIPB3
Q92629,SGCD
Q92633,LPAR1
Q92637,FCGR1B
Q92643,PIGK
Q92673,SORL1
Q92692,NECTIN2
Q92729,PTPRU
Q92736,RYR2
Q92752,TNR
Q92806,KCNJ9
Q92813,DIO2
Q92819,HAS2
Q92823,NRCAM
Q92824,PCSK5
Q92838,EDA
Q92839,HAS1
Q92843,BCL2L2
Q92847,GHSR
Q92854,SEMA4D
Q92859,NEO1
Q92887,ABCC2
Q92896,GLG1
Q92911,SLC5A5
Q92932,PTPRN2
Q92935,EXTL1
Q92952,KCNN1
Q92953,KCNB2
Q92956,TNFRSF14
Q92959,SLCO2A1
Q92968,PEX13
Q92982,NINJ1
Q93033,CD101
Q93038,TNFRSF25
Q93050,ATP6V0A1
Q93063,EXT2
Q93070,ART4
Q93084,ATP2A3
Q93086,P2RX5
Q95365,HLA-B
Q95460,MR1
Q95604,HLA-C
Q95IE3,HLA-DRB1
Q969E2,SCAMP4
Q969F0,FATE1
Q969F8,KISS1R
Q969I6,SLC38A4
Q969K7,TMEM54
Q969L2,MAL2
Q969M2,GJA10
Q969M3,YIPF5
Q969N2,PIGT
Q969N4,TAAR8
Q969P0,IGSF8
Q969S0,SLC35B4
Q969S6,TMEM203
Q969V1,MCHR2
Q969V3,NCLN
Q969V5,MUL1
Q969W0,SPTSSA
Q969W1,ZDHHC16
Q969W9,PMEPA1
Q969X1,TMBIM1
Q969X2,ST6GALNAC6
Q969X5,ERGIC1
Q969Z4,RELT
Q96A11,GAL3ST3
Q96A25,TMEM106A
Q96A26,FAM162A
Q96A28,SLAMF9
Q96A29,SLC35C1
Q96A33,CCDC47
Q96A54,ADIPOR1
Q96A57,TMEM230
Q96A59,MARVELD3
Q96AA3,RFT1
Q96AC1,FERMT2
Q96AD5,PNPLA2
Q96AG3,SLC25A46
Q96AG4,LRRC59
Q96AJ9,VTI1A
Q96AM1,MRGPRF
Q96AN5,TMEM143
Q96AP7,ESAM
Q96AQ2,TMEM125
Q96AQ8,MCUR1
Q96AW1,VOPP1
Q96B21,TMEM45B
Q96B33,CLDN23
Q96B42,TMEM18
Q96B77,TMEM186
Q96B86,RGMA
Q96B96,TMEM159
Q96BA8,CREB3L1
Q96BD0,SLCO4A1
Q96BF3,TMIGD2
Q96BI1,SLC22A18
Q96BM0,IFI27L1
Q96BY9,SARAF
Q96BZ4,PLD4
Q96BZ9,TBC1D20
Q96C03,MIEF2
Q96CC6,RHBDF1
Q96CE8,TM4SF18
Q96CH1,GPR146
Q96CP6,GRAMD1A
Q96CP7,TLCD1
Q96CU9,FOXRED1
Q96CW9,NTNG2
Q96D05,FAM241B
Q96D31,ORAI1
Q96D42,HAVCR1
Q96D53,COQ8B
Q96D59,RNF183
Q96D96,HVCN1
Q96DA6,DNAJC19
Q96DB9,FXYD5
Q96DC7,TMCO6
Q96DD7,SHISA4
Q96DL1,NXPE2
Q96DS6,MS4A6E
Q96DU3,SLAMF6
Q96DX8,RTP4
Q96DZ7,TM4SF19
Q96DZ9,CMTM5
Q96E16,SMIM19
Q96E52,OMA1
Q96E93,KLRG1
Q96EC8,YIPF6
Q96EP9,SLC10A4
Q96ER9,CCDC51
Q96ES6,MFSD3
Q96ET8,TVP23C
Q96EU7,C1GALT1C1
Q96EX1,SMIM12
Q96EX2,RNFT2
Q96F05,C11orf24
Q96F15,GIMAP5
Q96F25,ALG14
Q96F46,IL17RA
Q96F81,DISP1
Q96FB5,RRNAD1
Q96FE5,LINGO1
Q96FE7,PIK3IP1
Q96FL8,SLC47A1
Q96FL9,GALNT14
Q96FM1,PGAP3
Q96FT7,ASIC4
Q96FV3,TSPAN17
Q96FX8,PERP
Q96FZ5,CMTM7
Q96G27,WBP1
Q96G30,MRAP2
Q96G91,P2RY11
Q96GC9,VMP1
Q96GE9,DMAC1
Q96GF1,RNF185
Q96GM1,PLPPR2
Q96GP6,SCARF2
Q96GQ5,C16orf58
Q96GR4,ZDHHC12
Q96GW7,BCAN
Q96GX1,TCTN2
Q96GX5,MASTL
Q96GZ6,SLC41A3
Q96H15,TIMD4
Q96H72,SLC39A13
Q96H96,COQ2
Q96HA1,POM121
Q96HA4,C1orf159
Q96HA9,PEX11G
Q96HD1,CRELD1
Q96HE8,TMEM80
Q96HH4,TMEM169
Q96HH6,TMEM19
Q96HH9,GRAMD2B
Q96HJ5,MS4A3
Q96HP8,TMEM176A
Q96HR9,REEP6
Q96HS1,PGAM5
Q96HV5,TMEM41A
Q96I36,COX14
Q96I45,TMEM141
Q96IK0,TMEM101
Q96IQ7,VSIG2
Q96IV6,FAXDC2
Q96IX5,USMG5
Q96IZ2,ADTRP
Q96J42,TXNDC15
Q96J65,ABCC12
Q96J66,ABCC11
Q96J84,KIRREL1
Q96J86,CYYR1
Q96J88,EPSTI1
Q96JA1,LRIG1
Q96JA4,MS4A14
Q96JF0,ST6GAL2
Q96JI7,SPG11
Q96JJ6,JPH4
Q96JJ7,TMX3
Q96JN2,CCDC136
Q96JP9,CDHR1
Q96JQ0,DCHS1
Q96JQ2,CLMN
Q96JQ5,MS4A4A
Q96JT2,SLC45A3
Q96JW4,SLC41A2
Q96JX3,SERAC1
Q96K12,FAR2
Q96K19,RNF170
Q96K21,ZFYVE19
Q96K37,SLC35E1
Q96K49,TMEM87B
Q96K78,ADGRG7
Q96KA5,CLPTM1L
Q96KC8,DNAJC1
Q96KF7,SMIM8
Q96KG7,MEGF10
Q96KJ4,MSLNL
Q96KK3,KCNS1
Q96KK4,OR10C1
Q96KN9,GJD4
Q96KR4,LMLN
Q96KR6,FAM210B
Q96KT7,SLC35G5
Q96KV6,BTN2A3P
Q96L08,SUSD3
Q96L42,KCNH8
Q96L58,B3GALT6
Q96LA5,FCRL2
Q96LA6,FCRL1
Q96LA9,MRGPRX4
Q96LB0,MRGPRX3
Q96LB1,MRGPRX2
Q96LB2,MRGPRX1
Q96LC7,SIGLEC10
Q96LD1,SGCZ
Q96LL3,C16orf92
Q96LL9,DNAJC30
Q96LR9,APOLD1
Q96LT4,SAMD8
Q96LU7,MYRFL
Q96LW7,CARD19
Q96LZ7,RMDN2
Q96M19,LINC00477
Q96MC6,MFSD14A
Q96MH6,TMEM68
Q96MM7,HS6ST2
Q96MS0,ROBO3
Q96MT1,RNF145
Q96MU8,KREMEN1
Q96MV1,TMEM56
Q96MV8,ZDHHC15
Q96MX0,CMTM3
Q96MZ0,GDAP1L1
Q96N19,GPR137
Q96N23,CFAP54
Q96N66,MBOAT7
Q96N68,C18orf15
Q96N87,SLC6A18
Q96NA8,TSNARE1
Q96ND0,FAM210A
Q96NF6,C8orf49
Q96NI6,LRFN5
Q96NL1,TMEM74
Q96NR3,PTCHD1
Q96NT5,SLC46A1
Q96NU0,CNTNAP3B
Q96NY7,CLIC6
Q96NY8,NECTIN4
Q96P31,FCRL3
Q96P56,CATSPER2
Q96P65,QRFPR
Q96P66,GPR101
Q96P67,GPR82
Q96P68,OXGR1
Q96P69,GPR78
Q96P88,GNRHR2
Q96PB1,CASD1
Q96PB8,LRRC3B
Q96PD2,DCBLD2
Q96PD7,DGAT2
Q96PE1,ADGRA2
Q96PE3,INPP4A
Q96PE5,OPALIN
Q96PG2,MS4A10
Q96PH1,NOX5
Q96PH6,DEFB118
Q96PJ5,FCRL4
Q96PL2,TECTB
Q96PL5,ERMAP
Q96PN6,ADCY10
Q96PQ0,SORCS2
Q96PQ1,SIGLEC12
Q96PR1,KCNC2
Q96PS8,AQP10
Q96PX8,SLITRK1
Q96PZ7,CSMD1
Q96Q04,LMTK3
Q96Q45,TMEM237
Q96Q80,DERL3
Q96Q91,SLC4A9
Q96QD8,SLC38A2
Q96QE2,SLC2A13
Q96QE4,LRRC37B
Q96QI5,HS3ST6
Q96QK8,SMIM14
Q96QS1,TSPAN32
Q96QT4,TRPM7
Q96QU1,PCDH15
Q96QV1,HHIP
Q96QZ0,PANX3
Q96R08,OR5B12
Q96R09,OR5B2
Q96R27,OR2M4
Q96R28,OR2M2
Q96R30,OR2V2
Q96R45,OR2A7
Q96R47,OR2A14
Q96R48,OR2A5
Q96R54,OR14A2
Q96R67,OR4C12
Q96R69,OR4F4
Q96R72,OR4K3
Q96R84,OR1F2P
Q96RA2,OR7D2
Q96RB7,OR5M11
Q96RC9,OR8B4
Q96RD0,OR8B2
Q96RD1,OR6C1
Q96RD2,OR52B2
Q96RD3,OR52E6
Q96RD6,PANX2
Q96RD7,PANX1
Q96RD9,FCRL5
Q96RI0,F2RL3
Q96RI8,TAAR6
Q96RI9,TAAR9
Q96RJ0,TAAR1
Q96RJ3,TNFRSF13C
Q96RL6,SIGLEC11
Q96RN1,SLC26A8
Q96RP7,GAL3ST4
Q96RP8,KCNA7
Q96RQ1,ERGIC2
Q96RT6,CTAGE1
Q96RV3,PCNX1
Q96S06,LMF1
Q96S37,SLC22A12
Q96S52,PIGS
Q96S66,CLCC1
Q96S97,MYADM
Q96SA4,SERINC2
Q96SE0,ABHD1
Q96SJ8,TSPAN18
Q96SK2,TMEM209
Q96SL1,DIRC2
Q96SN7,ORAI2
Q96T52,IMMP2L
Q96T53,MBOAT4
Q96T54,KCNK17
Q96T55,KCNK16
Q96T83,SLC9A7
Q96TA0,PCDHB18P
Q96TA2,YME1L1
Q96TC7,RMDN3
Q99062,CSF3R
Q99075,HBEGF
Q99102,MUC4
Q99217,AMELX
Q99250,SCN2A
Q99437,ATP6V0B
Q99442,SEC62
Q99445,GML
Q99463,NPY6R
Q99466,NOTCH4
Q99467,CD180
Q99500,S1PR3
Q99523,SORT1
Q99527,GPER1
Q99571,P2RX4
Q99572,P2RX7
Q99595,TIMM17A
Q99624,SLC38A3
Q99643,SDHC
Q99650,OSMR
Q99665,IL12RB2
Q99677,LPAR4
Q99678,GPR20
Q99679,GPR21
Q99680,GPR22
Q99705,MCHR1
Q99706,KIR2DL4
Q99712,KCNJ15
Q99720,SIGMAR1
Q99726,SLC30A3
Q99735,MGST2
Q99758,ABCA3
Q99788,CMKLR1
Q99795,GPA33
Q99805,TM9SF2
Q99808,SLC29A1
Q99835,SMO
Q99884,SLC6A7
Q99928,GABRG3
Q99941,ATF6B
Q99942,RNF5
Q99943,AGPAT1
Q99946,PRRT1
Q99965,ADAM2
Q99999,GAL3ST1
Q9BPV8,P2RY13
Q9BPW4,APOL4
Q9BQ31,KCNS3
Q9BQ51,PDCD1LG2
Q9BQA9,C17orf62
Q9BQD7,FAM173A
Q9BQE4,SELENOS
Q9BQE5,APOL2
Q9BQG1,SYT3
Q9BQI7,PSD2
Q9BQJ4,TMEM47
Q9BQQ7,RTP3
Q9BQS2,SYT15
Q9BQS7,HEPH
Q9BQT9,CLSTN3
Q9BR10,SPATA25
Q9BR39,JPH2
Q9BRB3,PIGQ
Q9BRI3,SLC30A2
Q9BRK0,REEP2
Q9BRK3,MXRA8
Q9BRL7,SEC22C
Q9BRN9,TM2D3
Q9BRQ5,ORAI3
Q9BRQ8,AIFM2
Q9BRR3,TMEM246
Q9BRV3,SLC50A1
Q9BRY0,SLC39A3
Q9BS26,ERP44
Q9BS91,SLC35A5
Q9BSA4,TTYH2
Q9BSA9,TMEM175
Q9BSE2,TMEM79
Q9BSE4,HERPUD2
Q9BSJ5,C17orf80
Q9BSJ8,ESYT1
Q9BSK0,MARVELD1
Q9BSN7,TMEM204
Q9BSR8,YIPF4
Q9BT22,ALG1
Q9BT67,NDFIP1
Q9BT76,UPK3B
Q9BT88,SYT11
Q9BTD3,TMEM121
Q9BTN0,LRFN3
Q9BTV4,TMEM43
Q9BTV5,FSD1
Q9BTX1,NDC1
Q9BTX3,TMEM208
Q9BU23,LMF2
Q9BU79,TMEM243
Q9BUB7,TMEM70
Q9BUF7,CRB3
Q9BUJ0,ABHD14A
Q9BUM1,G6PC3
Q9BUN8,DERL1
Q9BUV8,C20orf24
Q9BV23,ABHD6
Q9BV40,VAMP8
Q9BV81,EMC6
Q9BV87,CNPPD1
Q9BVA6,FICD
Q9BVC6,TMEM109
Q9BVG9,PTDSS2
Q9BVH7,ST6GALNAC5
Q9BVI4,NOC4L
Q9BVK6,TMED9
Q9BVK8,TMEM147
Q9BVT8,TMUB1
Q9BVV7,TIMM21
Q9BVV8,C19orf24
Q9BVX2,TMEM106C
Q9BW60,ELOVL1
Q9BW72,HIGD2A
Q9BWL3,C1orf43
Q9BWM7,SFXN3
Q9BWQ6,YIPF2
Q9BWQ8,FAIM2
Q9BWV1,BOC
Q9BWV2,SPATA9
Q9BWW8,APOL6
Q9BX51,GGTLC1
Q9BX67,JAM3
Q9BX73,TM2D2
Q9BX74,TM2D1
Q9BX79,STRA6
Q9BX84,TRPM6
Q9BX95,SGPP1
Q9BX97,PLVAP
Q9BXA5,SUCNR1
Q9BXB1,LGR4
Q9BXC0,HCAR1
Q9BXC1,GPR174
Q9BXE9,VN1R3
Q9BXI2,SLC25A2
Q9BXJ7,AMN
Q9BXJ8,TMEM120A
Q9BXK5,BCL2L13
Q9BXM7,PINK1
Q9BXN2,CLEC7A
Q9BXP2,SLC12A9
Q9BXQ6,TMEM121B
Q9BXR5,TLR10
Q9BXS0,COL25A1
Q9BXS4,TMEM59
Q9BXS9,SLC26A6
Q9BXT2,CACNG6
Q9BXU9,CALN1
Q9BY07,SLC4A5
Q9BY08,EBPL
Q9BY10,SLC46A2
Q9BY14,TEX101
Q9BY15,ADGRE3
Q9BY19,MS4A8
Q9BY21,GPR87
Q9BY50,SEC11C
Q9BY64,UGT2B28
Q9BY67,CADM1
Q9BY71,LRRC3
Q9BY78,RNF26
Q9BY79,MFRP
Q9BYC5,FUT8
Q9BYE2,TMPRSS13
Q9BYE9,CDHR2
Q9BYF1,ACE2
Q9BYG0,B3GNT5
Q9BYH1,SEZ6L
Q9BYT1,SLC17A9
Q9BYT9,ANO3
Q9BYW1,SLC2A11
Q9BYW3,DEFB126
Q9BZ11,ADAM33
Q9BZ76,CNTNAP3
Q9BZA7,PCDH11X
Q9BZA8,PCDH11Y
Q9BZC7,ABCA2
Q9BZD2,SLC29A3
Q9BZD6,PRRG4
Q9BZD7,PRRG3
Q9BZF1,OSBPL8
Q9BZG2,ACP4
Q9BZG9,unmapped
Q9BZH6,WDR11
Q9BZJ4,SLC25A39
Q9BZJ6,GPR63
Q9BZJ7,GPR62
Q9BZJ8,GPR61
Q9BZM4,ULBP3
Q9BZM5,ULBP2
Q9BZM6,ULBP1
Q9BZR6,RTN4R
Q9BZV2,SLC19A3
Q9BZV3,IMPG2
Q9BZW2,SLC13A1
Q9BZW4,TM6SF2
Q9BZW5,TM6SF1
Q9BZW8,CD244
Q9BZZ2,SIGLEC1
Q9C091,GREB1L
Q9C0A0,CNTNAP4
Q9C0B5,ZDHHC5
Q9C0B7,TANGO6
Q9C0C4,SEMA4C
Q9C0D9,SELENOI
Q9C0E8,LNPK
Q9C0H2,TTYH3
Q9C0I4,THSD7B
Q9C0J1,B3GNT4
Q9C0K1,SLC39A8
Q9GIP4,SLC7A5P2
Q9GIY3,HLA-DRB1
Q9GZK3,OR2B2
Q9GZK4,OR2H1
Q9GZK6,OR2J1
Q9GZK7,OR11A1
Q9GZM5,YIPF3
Q9GZM6,OR8D2
Q9GZN0,GPR88
Q9GZN6,SLC6A16
Q9GZP1,NRSN2
Q9GZP7,VN1R1
Q9GZP9,DERL2
Q9GZQ4,NMUR2
Q9GZQ6,NPFFR1
Q9GZR5,ELOVL4
Q9GZS9,CHST5
Q9GZT6,CCDC90B
Q9GZU1,MCOLN1
Q9GZU3,TMEM39B
Q9GZV3,SLC5A7
Q9GZW8,MS4A7
Q9GZX3,CHST6
Q9GZY4,COA1
Q9GZY6,LAT2
Q9GZY8,MFF
Q9GZZ6,CHRNA10
Q9GZZ7,GFRA4
Q9GZZ9,UBA5
Q9H013,ADAM19
Q9H015,SLC22A4
Q9H061,TMEM126A
Q9H0A3,TMEM191A
Q9H0C3,TMEM117
Q9H0H0,INTS2
Q9H0H5,RACGAP1
Q9H0Q3,FXYD6
Q9H0R3,TMEM222
Q9H0U3,MAGT1
Q9H0V1,TMEM168
Q9H0V9,LMAN2L
Q9H0X4,FAM234A
Q9H0X9,OSBPL5
Q9H156,SLITRK2
Q9H158,PCDHAC1
Q9H159,CDH19
Q9H172,ABCG4
Q9H195,MUC3B
Q9H1B5,XYLT2
Q9H1C0,LPAR5
Q9H1C3,GLT8D2
Q9H1C4,UNC93B1
Q9H1C7,CYSTM1
Q9H1D0,TRPV6
Q9H1E5,TMX4
Q9H1J7,WNT5B
Q9H1K4,SLC25A18
Q9H1M3,DEFB129
Q9H1M4,DEFB127
Q9H1N7,SLC35B3
Q9H1U4,MEGF9
Q9H1U9,SLC25A51
Q9H1V8,SLC6A17
Q9H1X3,DNAJC25
Q9H1Y3,OPN3
Q9H1Z9,TSPAN10
Q9H205,OR2AG1
Q9H207,OR10A5
Q9H208,OR10A2
Q9H209,OR10A4
Q9H210,OR2D2
Q9H213,MAGEH1
Q9H221,ABCG8
Q9H222,ABCG5
Q9H228,S1PR5
Q9H237,PORCN
Q9H244,P2RY12
Q9H251,CDH23
Q9H252,KCNH6
Q9H255,OR51E2
Q9H295,DCSTAMP
Q9H2A7,CXCL16
Q9H2A9,CHST8
Q9H2B2,SYT4
Q9H2B4,SLC26A1
Q9H2C2,ARV1
Q9H2C5,OR52A5
Q9H2C8,OR51V1
Q9H2D1,SLC25A32
Q9H2E6,SEMA6A
Q9H2F3,HSD3B7
Q9H2H9,SLC38A1
Q9H2J7,SLC6A15
Q9H2L4,TMEM60
Q9H2Q1,TMEM133
Q9H2S1,KCNN2
Q9H2S6,TNMD
Q9H2U9,ADAM7
Q9H2V7,SPNS1
Q9H2W1,MS4A6A
Q9H2X3,CLEC4M
Q9H2X9,SLC12A5
Q9H2Y9,SLCO5A1
Q9H300,PARL
Q9H310,RHBG
Q9H313,TTYH1
Q9H330,TMEM245
Q9H339,OR51B5
Q9H340,OR51B6
Q9H341,OR51M1
Q9H342,OR51J1
Q9H343,OR51I1
Q9H344,OR51I2
Q9H346,OR52D1
Q9H3H5,DPAGT1
Q9H3K2,GHITM
Q9H3M0,KCNF1
Q9H3N1,TMX1
Q9H3N8,HRH4
Q9H3Q3,GAL3ST2
Q9H3R1,NDST4
Q9H3R2,MUC13
Q9H3S1,SEMA4A
Q9H3S3,TMPRSS5
Q9H3S5,PIGM
Q9H3T2,SEMA6C
Q9H3T3,SEMA6B
Q9H3U5,MFSD1
Q9H3V2,MS4A5
Q9H3W5,LRRN3
Q9H3Z4,DNAJC5
Q9H400,LIME1
Q9H427,KCNK15
Q9H461,FZD8
Q9H496,TOR1AIP2
Q9H4A9,DPEP2
Q9H4B8,DPEP3
Q9H4D0,CLSTN2
Q9H4F1,ST6GALNAC4
Q9H4I9,SMDT1
Q9H511,KLHL31
Q9H553,ALG2
Q9H598,SLC32A1
Q9H5I5,PIEZO2
Q9H5J4,ELOVL6
Q9H5K3,POMK
Q9H5V8,CDCP1
Q9H5Y7,SLITRK6
Q9H665,IGFLR1
Q9H6A9,PCNX3
Q9H6B4,CLMP
Q9H6D3,XKR8
Q9H6D8,FNDC4
Q9H6F2,TMEM38A
Q9H6H4,REEP4
Q9H6L2,TMEM231
Q9H6L5,RETREG1
Q9H6R6,ZDHHC6
Q9H6X2,ANTXR1
Q9H6X4,TMEM134
Q9H6Y7,RNF167
Q9H720,CWH43
Q9H756,LRRC19
Q9H7F0,ATP13A3
Q9H7F4,TMEM185B
Q9H7M9,VSIR
Q9H7T0,CATSPERB
Q9H7V2,SYNDIG1
Q9H7Z7,PTGES2
Q9H813,TMEM206
Q9H819,DNAJC18
Q9H841,NIPAL2
Q9H8H3,METTL7A
Q9H8J5,MANSC1
Q9H8M5,CNNM2
Q9H8M9,EVA1A
Q9H8P0,SRD5A3
Q9H8V3,ECT2
Q9H8X9,ZDHHC11
Q9H902,REEP1
Q9H920,RNF121
Q9H936,SLC25A22
Q9H9B4,SFXN1
Q9H9K5,ERVMER34-1
Q9H9P2,CHODL
Q9H9S3,SEC61A2
Q9H9S5,FKRP
Q9H9V4,RNF122
Q9HA72,CALHM2
Q9HA82,CERS4
Q9HAB3,SLC52A2
Q9HAR2,ADGRL3
Q9HAS3,SLC28A3
Q9HAT1,LMAN1L
Q9HAV5,EDA2R
Q9HB14,KCNK13
Q9HB15,KCNK12
Q9HB29,IL1RL2
Q9HB89,NMUR1
Q9HBA0,TRPV4
Q9HBB8,CDHR5
Q9HBD1,RC3H2
Q9HBE5,IL21R
Q9HBG4,ATP6V0A4
Q9HBG7,LY9
Q9HBI6,CYP4F11
Q9HBJ8,TMEM27
Q9HBL0,TNS1
Q9HBL6,LRTM1
Q9HBL7,PLGRKT
Q9HBM0,VEZT
Q9HBR0,SLC38A10
Q9HBT6,CDH20
Q9HBU6,ETNK1
Q9HBU9,POPDC2
Q9HBV1,POPDC3
Q9HBV2,SPACA1
Q9HBW0,LPAR2
Q9HBW1,LRRC4
Q9HBW9,ADGRL4
Q9HBX8,LGR6
Q9HBX9,RXFP1
Q9HBY0,NOX3
Q9HC07,TMEM165
Q9HC10,OTOF
Q9HC24,TMBIM4
Q9HC29,NOD2
Q9HC47,CTAGE1
Q9HC56,PCDH9
Q9HC58,SLC24A3
Q9HC73,CRLF2
Q9HC97,GPR35
Q9HCC8,GDPD2
Q9HCE9,ANO8
Q9HCF6,TRPM3
Q9HCJ1,ANKH
Q9HCJ2,LRRC4C
Q9HCK4,ROBO2
Q9HCL0,PCDH18
Q9HCL2,GPAM
Q9HCM2,PLXNA4
Q9HCM3,KIAA1549
Q9HCN3,TMEM8A
Q9HCN6,GP6
Q9HCP6,HHATL
Q9HCQ5,GALNT9
Q9HCT0,FGF22
Q9HCU0,CD248
Q9HCU4,CELSR2
Q9HCU5,PREB
Q9HCX4,TRPC7
Q9HD20,ATP13A1
Q9HD23,MRS2
Q9HD36,BCL2L10
Q9HD43,PTPRH
Q9HD45,TM9SF3
Q9HDB5,NRXN3
Q9HDC5,JPH1
Q9HDC9,APMAP
Q9HDD0,HRASLS
Q9N2J8,unmapped
Q9N2K0,unmapped
Q9NNX6,CD209
Q9NNZ3,DNAJC4
Q9NP58,ABCB6
Q9NP59,SLC40A1
Q9NP60,IL1RAPL2
Q9NP78,ABCB9
Q9NP80,PNPLA8
Q9NP84,TNFRSF12A
Q9NP85,NPHS2
Q9NP91,SLC6A20
Q9NP94,SLC39A2
Q9NP99,TREM1
Q9NPA0,EMC7
Q9NPA1,KCNMB3
Q9NPA2,MMP25
Q9NPB0,SAYSD1
Q9NPB9,ACKR4
Q9NPC1,LTB4R2
Q9NPC2,KCNK9
Q9NPC4,A4GALT
Q9NPD5,SLCO1B3
Q9NPD7,NRN1
Q9NPF0,CD320
Q9NPF2,CHST11
Q9NPG1,FZD3
Q9NPG4,PCDH12
Q9NPG8,ZDHHC4
Q9NPH3,IL1RAP
Q9NPH5,NOX4
Q9NPI0,TMEM138
Q9NPI9,KCNJ16
Q9NPL8,TIMMDC1
Q9NPR2,SEMA4B
Q9NPR9,GPR108
Q9NPU4,C14orf132
Q9NPY3,CD93
Q9NPZ5,B3GAT2
Q9NQ11,ATP13A2
Q9NQ25,SLAMF7
Q9NQ34,TMEM9B
Q9NQ40,SLC52A3
Q9NQ60,EQTN
Q9NQ84,GPRC5C
Q9NQ90,ANO2
Q9NQA5,TRPV5
Q9NQC3,RTN4
Q9NQG6,MIEF1
Q9NQN1,OR2S2
Q9NQQ7,SLC35C2
Q9NQR9,G6PC2
Q9NQS3,NECTIN3
Q9NQS5,GPR84
Q9NQW8,CNGB3
Q9NQX5,NPDC1
Q9NQX7,ITM2C
Q9NQZ7,ENTPD7
Q9NR16,CD163L1
Q9NR34,MAN1C1
Q9NR61,DLL4
Q9NR71,ASAH2
Q9NR82,KCNQ5
Q9NR96,TLR9
Q9NR97,TLR8
Q9NRA1,PDGFC
Q9NRA2,SLC17A5
Q9NRB3,CHST12
Q9NRC1,ST7
Q9NRD8,DUOX2
Q9NRD9,DUOX1
Q9NRJ7,PCDHB16
Q9NRM0,SLC2A9
Q9NRM6,IL17RB
Q9NRP0,OSTC
Q9NRQ2,PLSCR4
Q9NRQ5,SMCO4
Q9NRR2,TPSG1
Q9NRS4,TMPRSS4
Q9NRU3,CNNM1
Q9NRX5,SERINC1
Q9NRX6,TMEM167B
Q9NRY6,PLSCR3
Q9NRY7,PLSCR2
Q9NRZ5,AGPAT4
Q9NRZ7,AGPAT3
Q9NS00,C1GALT1
Q9NS40,KCNH7
Q9NS62,THSD1
Q9NS64,RPRM
Q9NS66,GPR173
Q9NS67,GPR27
Q9NS68,TNFRSF19
Q9NS69,TOMM22
Q9NS75,CYSLTR2
Q9NS82,SLC7A10
Q9NS84,CHST7
Q9NS93,TM7SF3
Q9NSA0,SLC22A11
Q9NSA2,KCND1
Q9NSC7,ST6GALNAC1
Q9NSD5,SLC6A13
Q9NSD7,RXFP3
Q9NSE7,ABCC13
Q9NSI5,IGSF5
Q9NSK7,C19orf12
Q9NST1,PNPLA3
Q9NT68,TENM2
Q9NT99,LRRC4B
Q9NTG1,PKDREJ
Q9NTI2,ATP8A2
Q9NTJ5,SACM1L
Q9NTN3,SLC35D1
Q9NTN9,SEMA4G
Q9NTQ9,GJB4
Q9NU53,GINM1
Q9NUB4,C20orf141
Q9NUD9,PIGV
Q9NUE0,ZDHHC18
Q9NUH8,TMEM14B
Q9NUM3,SLC39A9
Q9NUM4,TMEM106B
Q9NUN5,LMBRD1
Q9NUQ2,AGPAT5
Q9NUR3,TMEM74B
Q9NUU6,FAM105A
Q9NUV7,SPTLC3
Q9NV12,TMEM140
Q9NV29,TMEM100
Q9NV58,RNF19A
Q9NV64,TMEM39A
Q9NV92,NDFIP2
Q9NV96,TMEM30A
Q9NVA4,TMEM184C
Q9NVC3,SLC38A7
Q9NVI7,ATAD3A
Q9NVM1,EVA1B
Q9NVV0,TMEM38B
Q9NVV5,AIG1
Q9NW15,ANO10
Q9NW97,TMEM51
Q9NWC5,TMEM45A
Q9NWD8,TMEM248
Q9NWF4,SLC52A1
Q9NWH2,TMEM242
Q9NWQ8,PAG1
Q9NWR8,MCUB
Q9NWS6,FAM118A
Q9NWW5,CLN6
Q9NWW9,HRASLS2
Q9NX00,TMEM160
Q9NX14,NDUFB11
Q9NX47,5-Mar
Q9NX52,RHBDL2
Q9NX61,TMEM161A
Q9NX62,IMPAD1
Q9NX76,CMTM6
Q9NX77,ERVK13-1
Q9NX78,TMEM260
Q9NX94,WBP1L
Q9NX95,SYBU
Q9NXB9,ELOVL2
Q9NXE4,SMPD4
Q9NXF1,TEX10
Q9NXF8,ZDHHC7
Q9NXG6,P4HTM
Q9NXH8,TOR4A
Q9NXI6,RNF186
Q9NXJ0,MS4A12
Q9NXK6,PAQR5
Q9NXL6,SIDT1
Q9NXR1,NDE1
Q9NXS2,QPCTL
Q9NXW2,DNAJB12
Q9NY15,STAB1
Q9NY25,CLEC5A
Q9NY26,SLC39A1
Q9NY28,GALNT8
Q9NY35,CLDND1
Q9NY37,ASIC5
Q9NY46,SCN3A
Q9NY59,SMPD3
Q9NY64,SLC2A8
Q9NY72,SCN3B
Q9NY84,VNN3
Q9NY91,SLC5A4
Q9NY97,B3GNT2
Q9NYB5,SLCO1C1
Q9NYG2,ZDHHC3
Q9NYG8,KCNK4
Q9NYJ7,DLL3
Q9NYK1,TLR7
Q9NYM4,GPR83
Q9NYM9,BET1L
Q9NYP7,ELOVL5
Q9NYQ6,CELSR1
Q9NYQ7,CELSR3
Q9NYQ8,FAT2
Q9NYR8,RDH8
Q9NYV7,TAS2R16
Q9NYV8,TAS2R14
Q9NYV9,TAS2R13
Q9NYW0,TAS2R10
Q9NYW1,TAS2R9
Q9NYW2,TAS2R8
Q9NYW3,TAS2R7
Q9NYW5,TAS2R4
Q9NYW6,TAS2R3
Q9NYW7,TAS2R1
Q9NYX4,CALY
Q9NYZ1,TVP23B
Q9NYZ4,SIGLEC8
Q9NZ01,TECR
Q9NZ08,ERAP1
Q9NZ42,PSENEN
Q9NZ43,USE1
Q9NZ45,CISD1
Q9NZ53,PODXL2
Q9NZ94,NLGN3
Q9NZA1,CLIC5
Q9NZC2,TREM2
Q9NZC3,GDE1
Q9NZD1,GPRC5D
Q9NZG7,NINJ2
Q9NZH0,GPRC5B
Q9NZJ7,MTCH1
Q9NZM1,MYOF
Q9NZM6,PKD2L2
Q9NZN1,IL1RAPL1
Q9NZP0,OR6C3
Q9NZP2,OR6C2
Q9NZP5,OR5AC2
Q9NZQ7,CD274
Q9NZQ8,TRPM5
Q9NZR2,LRP1B
Q9NZS2,KLRF1
Q9NZS9,BFAR
Q9NZU0,FLRT3
Q9NZU1,FLRT1
Q9NZV1,CRIM1
Q9NZV8,KCND2
Q9P003,CNIH4
Q9P035,HACD3
Q9P055,JKAMP
Q9P0B6,CCDC167
Q9P0I2,EMC3
Q9P0J0,NDUFA13
Q9P0K1,ADAM22
Q9P0K9,FRRS1L
Q9P0L0,VAPA
Q9P0L9,PKD2L1
Q9P0N5,TMEM216
Q9P0N8,2-Mar
Q9P0S3,ORMDL1
Q9P0S9,TMEM14C
Q9P0T7,TMEM9
Q9P0U1,TOMM7
Q9P0V8,SLAMF8
Q9P0X4,CACNA1I
Q9P109,GCNT4
Q9P121,NTM
Q9P126,CLEC1B
Q9P1P4,TAAR3P
Q9P1P5,TAAR2
Q9P1Q5,OR1A1
Q9P1W3,TMEM63C
Q9P1W8,SIRPG
Q9P1Z3,HCN3
Q9P1Z9,CCDC180
Q9P232,CNTN3
Q9P241,ATP10D
Q9P244,LRFN1
Q9P273,TENM3
Q9P283,SEMA5B
Q9P291,ARMCX1
Q9P296,C5AR2
Q9P298,HIGD1B
Q9P2B2,PTGFRN
Q9P2C4,TMEM181
Q9P2E5,CHPF2
Q9P2E7,PCDH10
Q9P2E8,4-Mar
Q9P2E9,RRBP1
Q9P2J2,IGSF9
Q9P2K9,DISP3
Q9P2S2,NRXN2
Q9P2U7,SLC17A7
Q9P2U8,SLC17A6
Q9P2V4,LRIT1
Q9P2W7,B3GAT1
Q9P2W9,STX18
Q9P2X0,DPM3
Q9TNN7,HLA-C
Q9TQE0,HLA-DRB1
Q9UBD6,RHCG
Q9UBG0,MRC2
Q9UBH6,XPR1
Q9UBI4,STOML1
Q9UBJ2,ABCD2
Q9UBK5,HCST
Q9UBL9,P2RX2
Q9UBM1,PEMT
Q9UBM7,DHCR7
Q9UBM8,MGAT4C
Q9UBN1,CACNG4
Q9UBN4,TRPC4
Q9UBN6,TNFRSF10D
Q9UBP0,SPAST
Q9UBQ6,EXTL2
Q9UBR5,CKLF
Q9UBS5,GABBR1
Q9UBS9,SUCO
Q9UBU6,FAM8A1
Q9UBV2,SEL1L
Q9UBV7,B4GALT7
Q9UBX3,SLC25A10
Q9UBX8,B4GALT6
Q9UBY0,SLC9A2
Q9UBY5,LPAR3
Q9UBY8,CLN8
Q9UDX5,MTFP1
Q9UEF7,KL
Q9UEU0,VTI1B
Q9UEW3,MARCO
Q9UF02,CACNG5
Q9UF33,EPHA6
Q9UG22,GIMAP2
Q9UGF5,OR14J1
Q9UGF6,OR5V1
Q9UGF7,OR12D3
Q9UGH3,SLC23A2
Q9UGI6,KCNN3
Q9UGM1,CHRNA9
Q9UGN4,CD300A
Q9UGP8,SEC63
Q9UGQ2,CACFD1
Q9UGQ3,SLC2A6
Q9UGT4,SUSD2
Q9UH62,ARMCX3
Q9UH99,SUN2
Q9UHB6,LIMA1
Q9UHC3,ASIC3
Q9UHC6,CNTNAP2
Q9UHC9,NPC1L1
Q9UHE5,NAT8
Q9UHE8,STEAP1
Q9UHF3,NAT8B
Q9UHF4,IL20RA
Q9UHI5,SLC7A8
Q9UHI7,SLC23A1
Q9UHJ9,PGAP2
Q9UHM6,OPN4
Q9UHN6,TMEM2
Q9UHP7,CLEC2D
Q9UHQ9,CYB5R1
Q9UHW9,SLC12A6
Q9UHX3,ADGRE2
Q9UI33,SCN11A
Q9UI40,SLC24A2
Q9UIB8,CD84
Q9UIG8,SLCO3A1
Q9UII2,ATPIF1
Q9UIJ5,ZDHHC2
Q9UIK5,TMEFF2
Q9UIQ6,LNPEP
Q9UIR0,BTNL2
Q9UIW2,PLXNA1
Q9UIX4,KCNG1
Q9UJ14,GGT7
Q9UJ37,ST6GALNAC2
Q9UJ42,GPR160
Q9UJ71,CD207
Q9UJ90,KCNE5
Q9UJ96,KCNG2
Q9UJ99,CDH22
Q9UJA2,CRLS1
Q9UJA9,ENPP5
Q9UJG1,MOSPD1
Q9UJQ1,LAMP5
Q9UK00,C3orf18
Q9UK17,KCND3
Q9UK23,NAGPA
Q9UK28,TMEM59L
Q9UKB5,AJAP1
Q9UKF2,ADAM30
Q9UKF5,ADAM29
Q9UKG4,SLC13A4
Q9UKH3,ERVK-9
Q9UKI3,VPREB3
Q9UKJ0,PILRB
Q9UKJ1,PILRA
Q9UKJ5,CHIC2
Q9UKJ8,ADAM21
Q9UKL2,OR52A1
Q9UKL4,GJD2
Q9UKM7,MAN1B1
Q9UKN1,MUC12
Q9UKP4,ADAMTS7
Q9UKP6,UTS2R
Q9UKQ2,ADAM28
Q9UKR5,ERG28
Q9UKR8,TSPAN16
Q9UKU0,ACSL6
Q9UKU6,TRHDE
Q9UKV5,AMFR
Q9UKX5,ITGA11
Q9UKY0,PRND
Q9UKY4,POMT2
Q9UKZ4,TENM1
Q9UL19,RARRES3
Q9UL25,RAB21
Q9UL51,HCN2
Q9UL52,TMPRSS11E
Q9UL54,TAOK2
Q9UL62,TRPC5
Q9ULB1,NRXN1
Q9ULB4,CDH9
Q9ULB5,CDH7
Q9ULC0,EMCN
Q9ULC5,ACSL5
Q9ULC8,ZDHHC8
Q9ULD2,MTUS1
Q9ULD6,INTU
Q9ULD8,KCNH3
Q9ULF5,SLC39A10
Q9ULG6,CCPG1
Q9ULH0,KIDINS220
Q9ULH4,LRFN2
Q9ULI3,HEG1
Q9ULK0,GRID1
Q9ULK5,VANGL2
Q9ULK6,RNF150
Q9ULL4,PLXNB3
Q9ULQ1,TPCN1
Q9ULS5,TMCC3
Q9ULS6,KCNS2
Q9ULT6,ZNRF3
Q9ULV1,FZD4
Q9ULW2,FZD10
Q9ULX5,RNF112
Q9ULX7,CA14
Q9ULY5,CLEC4E
Q9ULZ3,PYCARD
Q9ULZ9,MMP17
Q9UM00,TMCO1
Q9UM01,SLC7A7
Q9UM21,MGAT4A
Q9UM44,HHLA2
Q9UM47,NOTCH3
Q9UM73,ALK
Q9UMD9,COL17A1
Q9UMF0,ICAM5
Q9UMR7,CLEC4A
Q9UMX3,BOK
Q9UMX9,SLC45A2
Q9UMZ3,PTPRQ
Q9UN42,ATP1B4
Q9UN66,PCDHB8
Q9UN67,PCDHB10
Q9UN70,PCDHGC3
Q9UN71,PCDHGB4
Q9UN72,PCDHA7
Q9UN73,PCDHA6
Q9UN74,PCDHA4
Q9UN75,PCDHA12
Q9UN76,SLC6A14
Q9UN88,GABRQ
Q9UNA3,A4GNT
Q9UNE0,EDAR
Q9UNG2,TNFSF18
Q9UNK0,STX8
Q9UNN8,PROCR
Q9UNP4,ST3GAL5
Q9UNQ0,ABCG2
Q9UNU6,CYP8B1
Q9UNW8,GPR132
Q9UNX9,KCNJ14
Q9UP38,FZD1
Q9UP52,TFR2
Q9UP95,SLC12A4
Q9UPC5,GPR34
Q9UPI3,FLVCR2
Q9UPQ8,DOLK
Q9UPR5,SLC8A2
Q9UPU3,SORCS3
Q9UPX0,IGSF9B
Q9UPX6,KIAA1024
Q9UPY5,SLC7A11
Q9UPZ6,THSD7A
Q9UQ05,KCNH4
Q9UQ52,CNTN6
Q9UQ53,MGAT4B
Q9UQ90,SPG7
Q9UQC9,CLCA2
Q9UQD0,SCN8A
Q9UQF0,ERVW-1
Q9UQP3,TNN
Q9UQQ1,NAALADL1
Q9UQV4,LAMP3
Q9Y210,TRPC6
Q9Y219,JAG2
Q9Y225,RNF24
Q9Y226,SLC22A13
Q9Y228,TRAF3IP3
Q9Y231,FUT9
Q9Y241,HIGD1A
Q9Y256,RCE1
Q9Y257,KCNK6
Q9Y267,SLC22A14
Q9Y271,CYSLTR1
Q9Y274,ST3GAL6
Q9Y275,TNFSF13B
Q9Y276,BCS1L
Q9Y277,VDAC3
Q9Y278,HS3ST2
Q9Y279,VSIG4
Q9Y282,ERGIC3
Q9Y284,WDR83OS
Q9Y286,SIGLEC7
Q9Y287,ITM2B
Q9Y289,SLC5A6
Q9Y2A7,NCKAP1
Q9Y2A9,B3GNT3
Q9Y2B1,RXYLT1
Q9Y2B2,PIGL
Q9Y2C2,UST
Q9Y2C3,B3GALT5
Q9Y2C5,SLC17A4
Q9Y2C9,TLR6
Q9Y2E8,SLC9A8
Q9Y2G1,MYRF
Q9Y2G3,ATP11B
Q9Y2G8,DNAJC16
Q9Y2H6,FNDC3A
Q9Y2I2,NTNG1
Q9Y2L9,LRCH1
Q9Y2Q0,ATP8A1
Q9Y2R0,COA3
Q9Y2T5,GPR52
Q9Y2T6,GPR55
Q9Y2U2,KCNK7
Q9Y2U8,LEMD3
Q9Y2W3,SLC45A1
Q9Y2Y6,TMEM98
Q9Y2Y8,PRG3
Q9Y320,TMX2
Q9Y328,NSG2
Q9Y336,SIGLEC9
Q9Y342,PLLP
Q9Y345,SLC6A5
Q9Y385,UBE2J1
Q9Y397,ZDHHC9
Q9Y3B3,TMED7
Q9Y3D6,FIS1
Q9Y3E0,GOLT1B
Q9Y3N9,OR2W1
Q9Y3P4,RHBDD3
Q9Y3P8,SIT1
Q9Y3Q0,NAALAD2
Q9Y3Q3,TMED3
Q9Y3Q4,HCN4
Q9Y3Q7,ADAM18
Q9Y442,C22orf24
Q9Y487,ATP6V0A2
Q9Y490,TLN1
Q9Y493,ZAN
Q9Y4A9,OR10H1
Q9Y4C0,NRXN3
Q9Y4C5,CHST2
Q9Y4D2,DAGLA
Q9Y4D7,PLXND1
Q9Y4D8,HECTD4
Q9Y4W6,AFG3L2
Q9Y4X1,UGT2A1
Q9Y519,TMEM184B
Q9Y548,YIPF1
Q9Y561,LRP12
Q9Y584,TIMM22
Q9Y585,OR1A2
Q9Y5C1,ANGPTL3
Q9Y5E1,PCDHB9
Q9Y5E2,PCDHB7
Q9Y5E3,PCDHB6
Q9Y5E4,PCDHB5
Q9Y5E5,PCDHB4
Q9Y5E6,PCDHB3
Q9Y5E7,PCDHB2
Q9Y5E8,PCDHB15
Q9Y5E9,PCDHB14
Q9Y5F0,PCDHB13
Q9Y5F1,PCDHB12
Q9Y5F2,PCDHB11
Q9Y5F3,PCDHB1
Q9Y5F6,PCDHGC5
Q9Y5F7,PCDHGC4
Q9Y5F8,PCDHGB7
Q9Y5F9,PCDHGB6
Q9Y5G0,PCDHGB5
Q9Y5G1,PCDHGB3
Q9Y5G2,PCDHGB2
Q9Y5G3,PCDHGB1
Q9Y5G4,PCDHGA9
Q9Y5G5,PCDHGA8
Q9Y5G6,PCDHGA7
Q9Y5G7,PCDHGA6
Q9Y5G8,PCDHGA5
Q9Y5G9,PCDHGA4
Q9Y5H0,PCDHGA3
Q9Y5H1,PCDHGA2
Q9Y5H2,PCDHGA11
Q9Y5H3,PCDHGA10
Q9Y5H4,PCDHGA1
Q9Y5H5,PCDHA9
Q9Y5H6,PCDHA8
Q9Y5H7,PCDHA5
Q9Y5H8,PCDHA3
Q9Y5H9,PCDHA2
Q9Y5I0,PCDHA13
Q9Y5I1,PCDHA11
Q9Y5I2,PCDHA10
Q9Y5I3,PCDHA1
Q9Y5I4,PCDHAC2
Q9Y5I7,CLDN16
Q9Y5L2,HILPDA
Q9Y5L3,ENTPD2
Q9Y5M6,OCLM
Q9Y5M8,SRPRB
Q9Y5N1,HRH3
Q9Y5P0,OR51B4
Q9Y5P1,OR51B2
Q9Y5Q0,FADS3
Q9Y5Q5,CORIN
Q9Y5R2,MMP24
Q9Y5S1,TRPV2
Q9Y5S8,NOX1
Q9Y5T4,DNAJC15
Q9Y5U4,INSIG2
Q9Y5U5,TNFRSF18
Q9Y5U9,IER3IP1
Q9Y5W7,SNX14
Q9Y5W8,SNX13
Q9Y5X5,NPFFR2
Q9Y5Y0,FLVCR1
Q9Y5Y3,GPR45
Q9Y5Y4,PTGDR2
Q9Y5Y5,PEX16
Q9Y5Y6,ST14
Q9Y5Y7,LYVE1
Q9Y5Y9,SCN10A
Q9Y5Z0,BACE2
Q9Y5Z6,B3GALT1
Q9Y5Z9,UBIAD1
Q9Y619,SLC25A15
Q9Y624,F11R
Q9Y625,GPC6
Q9Y639,NPTN
Q9Y644,RFNG
Q9Y653,ADGRG1
Q9Y661,HS3ST4
Q9Y662,HS3ST3B1
Q9Y663,HS3ST3A1
Q9Y666,SLC12A7
Q9Y672,ALG6
Q9Y673,ALG5
Q9Y679,AUP1
Q9Y691,KCNMB2
Q9Y693,LHFPL6
Q9Y694,SLC22A7
Q9Y696,CLIC4
Q9Y698,CACNG2
Q9Y6A1,POMT1
Q9Y6A2,CYP46A1
Q9Y6A9,SPCS1
Q9Y6C5,PTCH2
Q9Y6C7,LINC00312
Q9Y6C9,MTCH2
Q9Y6D0,SELENOK
Q9Y6F6,MRVI1
Q9Y6F9,WNT6
Q9Y6G1,TMEM14A
Q9Y6H6,KCNE3
Q9Y6H8,GJA3
Q9Y6J6,KCNE2
Q9Y6K0,CEPT1
Q9Y6L6,SLCO1B1
Q9Y6M0,PRSS21
Q9Y6M5,SLC30A1
Q9Y6M7,SLC4A7
Q9Y6N1,COX11
Q9Y6N7,ROBO1
Q9Y6N8,CDH10
Q9Y6Q6,TNFRSF11A
Q9Y6R1,SLC4A4
Q9Y6W8,ICOS
Q9Y6X1,SERP1
Q9Y6X5,ENPP4
